designation,designation_label
Cuvée des 6 Cépages,6615
Santa Cristina,21432
Gregory Ranch,10587
Terre di Dora,23873
Canoe Ridge Estate,3813
Topaz Impérial Rosé,24801
Extra Dry Rosè,8853
Five by Five,9300
LEHM Estate,12759
Sheridan Vineyard,22137
Foglio 38,9415
John Speke Single Vineyard,12098
The Bull and the Bear,24046
Villa Festa Vineyard,26080
Dry Land,7661
Wildlake Ranch,26946
Sarah's Hill,21484
Fitzpatrick Vineyard,9283
Parej,17842
Condé,5579
Poggio alla Badiola,18630
Josie's Knoll Reserve,12137
Garbiella Ranch,9834
Tradition Rosé,24915
Jewell Ranch Vineyard Estate Grown,12057
Preuses Grand Cru,18924
Goldie's Vineyard,10143
Caractère,3899
Domaine de la Créa Les Cent Vignes Premier Cru,7381
Australian Sparkling,1582
Primitivo Rosato,18962
PdM Moncayo,18008
Le Chêne Marchand,13571
Estate Sinistra,8683
No 11,16871
Lillie Vineyard,14462
Baby Poux Vineyard Reserve,1724
Agnus,516
Brut Perlé,3283
Rubrica Branco,20970
Les Vignots,14367
Vigna di Mandranova,25943
60/40 Barrel Select,278
Isabel Mondavi,11862
Blend Malbec-Cabernet Sauvignon-Merlot,2656
Graacher Himmelreich Eiswein Vat 28,10198
Estate Select Monte Regalo Red,8678
Cuvée des Enchanteleurs Brut,6628
Companhia das Lezírias Tyto Alba Vinhas Protegidas,5516
Quinta do Outeiro Tinto,19395
Poggio Maestrino Annosesto,18604
Derbyshire Vineyard,7013
Geyserville Estate,9957
Les Tonnelles,14327
Ampakama,1008
Eté Indien,8759
Duas Quintas Branco,7699
Trine,25072
Terre di San Zeno,23886
Jackknife Corner,11949
Bourbon Barrel Aged Batch No 13,2970
Legus,13868
Steierische Klassik,22961
Reserva Privada Cordillera Shiraz-Cabernet Sauvignon-Viognier,19943
Grand Vin,10443
Musque Clone Lafond Vineyard,16550
Hope's Cuvee,11355
Gladysdale Vineyard,10053
Goldensong,10139
Warrior Fires,26684
Terroir d'Alsace,23923
Caton Vineyard Syrah,4239
Rocky Top Vineyard,20581
Património,17971
Auberge Road,1543
Les Clauses,14043
Cuvée Carolle,6278
Esprit Blanc de Tablas,8452
Altitude Series +720 Kosher,849
Lena di Mezzo,13885
Tullum,25190
Frank Potts Red Wine,9590
Lot #8,14732
Versa,25748
Estate Vineyard Old Vines,8698
Duas Quintas Reserva,7700
Encounter Bay,8252
N 41° W 72°,16609
Southing,22712
Kappa,12283
Damiana,6826
Colheita Branco,5388
Duet,7726
Bliss Demi Sec,2676
Negraró,16722
D'Or Matur,6744
Dry Stack Vineyard,7675
Twin Rivers Vineyard Roberto's Block,25238
Fronteira,9674
Valley Oaks White,25573
Cuvée de la Platière,6612
Gran Resrva de Los Andes,10308
Trois Châteaux 'E',25122
Sandro,21373
Ayler  Kupp Spätlese,1658
Alba Chiara Passito 500ml,579
Teresa's Unoaked Estate,23731
3 Girls,174
Barrel Selection Reserve,1943
Ñeque,27542
Idyll Times Vineyard,11546
Dry,7650
Demoiselle Brut,6995
Montiggl,16285
McDuffee Vineyard Reserve,15610
Massaccio,15483
The Bombadier,24036
Enkircher Batterieberg Kabinett,8273
Seduce,21767
Fleur de Montagne,9339
Checkmate,4569
Seascape,21725
Gran Tradición Rosé Brut,10318
Bernier Zinyard,2248
Porquenó Reserva Lo Mejor,18712
Saphir,21473
Pedrouzos 1.5L,18027
Finca la Colina Cien X Cien,9194
Robert Young Vineyard Reserve,20485
Salaal,21244
Colina Norte,5395
Relax QbA,19863
Novitiate Late Harvest,17052
Rapley Trail Vineyard,19605
Cuvée du Val Pipers River Brut,6640
Reserve Assemblage Cabernet Sauvignon-Carménère-Petit Verdot,19989
Tres Castas,25006
Grandjó Late Harvest,10501
Red Willow Vineyard,19769
Excelsior,8803
Le Rouge,13787
St. Andrews Single Vineyard Release,22870
Monarch,16085
Real de Aragón Centenaria,19678
Wunderburg,27148
Giné Giné,10022
6 meses en barrica,274
The Narrows Vineyard Estate Grown,24304
Alcanta,617
Colson Canyon Vineyard,5471
Le Mesnil Blanc de Blancs,13682
Alfeo,687
Les Vignottes,14368
Ruckus,20984
Fior di Ginestre Passito,9233
Lexington,14402
Maison Rouge,15164
Das Beste Von Riesling Auslese,6875
Riund Bricco Rocca Riserva,20413
Terra del Cereolo,23793
Fiddlestix Vineyard,9091
Grandmere Old Vine,10503
Campogiovanni,3766
L-P Brut,12749
Rough Justice,20894
Turner Vineyard,25209
Nine Yards,16861
Molly's Estate,16064
Petit Gris,18193
Taste,23563
Frankstein Grand Cru,9593
Côte de Rouffach,6702
Filodora Brut,9128
Rapley Trail Vineyard Block M Estate,19608
Loibner Klostersatz Federspiel,14614
Selección del Directorio Gran Reserva Cool Coastal Vineyard,21824
Big River Ranch,2390
Seven Hills Vineyard Red,22054
Arnaut,1368
San Marcellino,21334
Probus,19049
Quinta Senhora da Ribeira Vintage,19308
Hyland,11437
Egérie de Pannier Rosé de Saignée,7965
Rolling Thunder,20628
Brutal,3351
Rosacker Grand Cru,20698
Arderius Crianza Vendimia Seleccionada,1298
Mylitta,16567
La Mort du Roi Hill of Graceland R.I.P.,13057
Eight Cousins Vineyard,7978
Individual Vineyard Selection Prima,11762
Acinatium,427
The Endless Road,24142
Fifty/Fifty Red Wine,9106
Phil's Selection,18257
McNab Ranch,15630
Verdemar,25732
Encostas do Lima,8251
Pocai Vineyard Estate Grown,18565
Violetas,26355
Plexus Branco,18543
Eremo,8376
Ried Pfaffenberg Steiner Selection,20249
Esperança,8436
Moongate,16325
Aria White Port,1334
Harrison Hill Red Wine,10874
Harvest Moon Vyd,10889
Le Chambée,13549
Coastal Cool Climate Wine Single Vineyard,5297
Rancho Ontiveros,19567
L'Anima,12642
Semper Gold Ridge Vineyard,21903
Julius,12191
Dom Pérignon Brut,7268
Maffei Vineyard,15115
Velida Estate,25659
Cacophony,3579
Pucho,19126
Brutalis,3352
The Heritage Collection Six Clones,24214
Sauvignon de la Tour,21564
Napoleon,16658
"Heritage Collection, Six Clones",11079
Venus Brut Nature,25717
Sunny View,23227
Cañon Creek Vineyard,4274
Les Embazées Premier Cru,14100
Graviers,10557
Pinot Dry,18448
Lealtanza Selección Especial Reserva,13842
Archimede,1285
Résonance Vineyard,21090
La Putere,13124
Cuvée Gilbert Gruet,6346
Metoxi,15823
Piesporter Goldtröpfchen Kabinett GL,18373
Ballad,1818
Seven Hills Vineyard Reserve Red,22056
Kavel's Flock,12331
Private Reserve,19029
Nautique Esprit de Blanc,16698
Amado Sur Torrontés-Viognier-Chardonnay,912
Bishop's Blend,2477
Élevée Vineyard,27529
Malterdinger,15203
First Harvest,9269
Epiphany Estate Cuvee,8319
Argent,1315
O Brazileiro,17107
Morning Dew Vineyard,16367
Vinotekfüllung Smaragd,26269
Vibrante Red Blend,25797
Nachise,16622
Cave de Saint-Roch les Vignes,4267
Yvecourt,27274
Alabaster,558
1 er Cru Les Champs Gains,22
Ferrero Ranch,9071
Marsh Estate Vineyard,15412
Kollmitz Federspiel,12509
Balmet,1829
Château Labouré-Roi Premier Cru Clos des Bouches Chères,4733
Cougar Hill,5905
Mernet 30th Anniversary Reserve,15778
Mariage,15326
La Tremenda,13212
Rapley Trail Vineyard Estate,19609
Maipu Vineyards,15159
Rooster Red Wine,20676
Poggio ai Ginepri,18615
Bärnreiser,3455
Toasted Head Giguiere Ranch,24739
Aria Pinot Noir Brut,1333
Opere Trevigiane Brut,17458
Gioia,10023
La Petite,13084
Terre di Sofia,23888
Wilderness Red Blend,26944
Domaine de Thalabert,7369
Valle del Noce,25566
Dolmo,7257
Sweet Claire Late Harvest,23303
Aviator Red,1635
Domaine de la Fruitière Gneiss de Bel Abord Sur Lie,7385
Cortaccio,5782
La Justice,13011
Santa Barbara Historic Vineyards Collection Bien Nacido Vineyard,21426
Passing By,17919
Owens Reserve,17639
Vignes du Domaine,25975
Inferno Riserva,11772
Lot 356,14814
Ockfen Bockstein,17213
Brut de Blancs,3340
Blanc des Millénaires,2606
Fontana del Fongo,9435
The Palindrome,24339
The Orchards,24328
Revilo Vineyard,20154
Knight's Gambit,12490
Philosophers' Stone,18264
Mil Vientos,15875
Carrément Blanc,3990
Rio Vista Vineyard Dijon,20311
Rancho Santa Rosa Block 4A Clone 2A,19574
Vendimia Tardia Late Harvest,25690
Dark Night,6866
Gusto,10722
Notios White,17018
Estate Limited,8626
Estate Reserve 4,8659
Würzburger Stein Kabinett Trocken,27159
Les Puechs,14276
Hecklinger Schlossberg R Trocken,10970
Ruberpan,20952
Gattera,9870
Medium-Dry Spätlese,15665
Les Perrières,14242
Firebrick Vineyard,9250
La Verchère,13221
Tenuta Belguardo,23676
Monte Danieli,16178
Grapeful Red,10525
Single Vineyard Crianza,22305
Dolbà,7242
Les Pagodes de Cos,14234
Terrisses,23905
Black Label Club Nina Blanco,2515
Biblos,2327
Inspired Red,11821
Pithos,18509
Noble House QbA,16929
Quinta do Mourão Rio Bom Colheita,19394
Jay Wilderotter Vineyard,12016
Rosé Aurore,20806
Bin 128,2415
Celliere,4325
Dean Block,6912
Rotlack Kabinett,20877
Destiny Ridge Vineyard Block 20,7034
Resonance Vineyard Reserve,20143
Pianer Extra Dry,18296
Fay Estate,9028
Domaine Les Hautes Roches,7319
Schützner Stein,21691
Snake Eyes,22455
Yarden 2T Touriga Nacional-Tinta Cão,27207
Alfa Crux Red Wine,680
Semper V Meritage,21905
Les Trois Roches,14334
Prima Reserva,18943
Z,27277
Sharen's Vineyard,22119
Rose 'Di Arie,20736
Dry Estate Bottled and Grown,7656
East Soda Rock Vineyard,7883
Il Pigno,11631
Legado del Conde Albariño,13860
Chase Vineyard,4545
Vigneto du Lot,26040
Hommage,11327
North Temperance,16999
Piesporter Goldtröpfchen Spätlese Grosse Lage,18378
Ellie's Old Vine Vineyard,8149
Grand Vin Bourgeois,10444
Toccata Riserva,24746
Toucas,24869
Jam's Blend,11980
Selections Pfeiffer Wines,21861
Ocean Reserve,17207
Cuvee Rare,6180
Hochheimer Stein Kabinett Halbtrocken,11275
Steingraben Reserve,22990
Norma Jean,16984
Gran Colegiata Campus,10241
Merriman Vineyard Clandeboye,15785
"Altitude: 2401, Le Seducteur",852
Merlot Over and Play Dead,15764
Sassolino,21514
Tovè,24890
Mossfire Ranch,16418
Fire Red Wine,9247
Bacco in Toscana,1736
Premier Etage,18838
Ancienne Cuvée Carnot Caillerets Premier Cru,1040
De Tradisie,6896
47.5 Degree Limited Release Syrah,241
Chateau Smith,4555
Bellamarsilia,2149
Mistura Blanco,16017
Gimblett Gravels,10008
Bricco San Biagio,3114
Vintage Selection Malbec-Cabernet Franc-Petit Verdot,26295
Estate Bradford,8540
Cuvée Cuis Premier Cru Blanc de Blancs Brut,6300
Ranchita Red,19558
Klipsun Vineyard Late Harvest,12481
Le Morete,13694
El Jefe En Chamberlin,8043
Old Barn,17263
Les Grandes Vignes,14150
Maula,15540
L'Amarybelle,12632
Tribute Series Old Main Road,25042
Flvminis,9396
Mountain Estate Vineyard,16445
Adoli Ghis,468
Vinhas Altas,26230
Kollmitz Smaragd,12510
Rangen Grand Cru Clos Saint Théobald Vendanges Tardives,19588
Amaranto,931
Domus Giulii,7454
Hulen Vineyard,11405
Purisima Mountain Vineyard Block 6,19166
Vif Red Wine,25843
Lake Doctor Single Site,13308
Villa Cafaggio,26068
Hermanas Cuvée,11107
Château de Flore,4790
Black Hole Vineyard,2510
Mario's Vineyard,15350
Conner Lee Vineyard Gun Metal Red,5602
Talcott Vineyard,23492
Il Cortile,11579
Hengst Grand Cru Cuvée Francois,11028
Roskamp Vineyard,20768
William Selection Crianza,26961
Capriccio,3887
W.P. Foley II,26606
Cuvée Luke Saralee's Vineyard,6418
Director's Choice Tawny,7183
Granera Alta,10516
Etna Bianco,8749
Riserva di Fizzano Gran Selezione Single Vineyard,20396
Ried Jungenberg Jois,20233
Myesis Initiation,16566
Viña Pomal Crianza,26485
Pentima,18065
La Luciana,13020
Stone Tree,23077
Lights Out,14456
V.G.S.,25470
Kayoumi Single Vineyard Kosher,12336
Half Mile,10801
Piana dei Cembali,18290
Stuhlmuller Vineyard Reserve,23146
M5,15032
The Spinner,24437
La Pietra,13096
Carato,3904
Paxis,17992
Hera,11042
Biscondola,2471
Falcon's Perch,8928
La Matta,13039
Le Mistral,13687
Evolution Big Time,8787
Ameritage Estate Club,970
1772 Barrel Select,86
Flirtation,9356
Black Bubbles Syrah,2496
Villa Rizzardi,26104
Louise,14866
La Pierrelée,13095
R-Bar-R Ranch,19457
Selecti,21850
Mirth,15983
Button and Turkovich Vineyard,3443
The Geologist Premium Red Wine,24184
Old Soul Red Wine,17307
The Angel Oak,23991
Sugar Mountain Vineyard,23172
RSW,19485
The Galvo Garage Cabernet Sauvignon-Merlot-Cabernet Franc-Petit Verdot,24179
Laguna Vista Vineyards Sur Lees Selection,13294
Cuvée Alexandre Apalta Vineyard,6230
Rennina,19888
Vogelzang Vineyard Vinocity,26524
Grey,10609
Signature Marinus,22213
Caligo Sweet White Wine,3655
LEHM Dry,12758
Nostalgia,17009
Extra Brut Burgundersekt,8834
John C. Sullenger Vineyard,12087
Il Borro,11560
3 Cepas,167
Ramnista,19546
Le Nombre d'Or Brut,13703
Le Petit Coquerel,13728
Prince Hill 115,18982
Señorio de los Llanos Crianza,22091
I Piaggioni,11477
Rossodiverzella,20797
Maddelena,15077
Lavaux Saint-Jacques Premier Cru,13477
Rinsol,20295
Reserve Quintet,20075
Two Barns Vineyard,25250
Barrister Block,1959
Reserve Zephyr Ridge Vineyard,20132
Cain Five,3598
Damis,6832
Jovly,12153
Cellar Select Blend,4318
Odyssea,17234
Amplus,1017
Clos de Sixte,5166
San Giovanni Novantasette Riserva,21319
Frei Brothers Vineyards,9637
Family Selection Gran Reserva,8970
Langley Vineyard,13361
Domaines du Château de Riquewihr Les Maquisards,7433
76 West,292
Anima,1116
Rosé de Bonnet,20834
Stoan,23047
Double L Vineyard Hat Trick,7584
Les Vieux Murs,14360
Acciaiolo,416
Pomorosso,18678
Gönnheimer Mandelgarten Eiswein,10737
Ried Schütt Dürnsteiner Smaragd,20251
Asili,1470
Feliz Vineyard,9047
Josephine + Mariposa,12127
Pioneer Block 24 Arthur,18486
"Smith Road Vineyards, Rows 2–5",22447
ODE,17130
Lanius,13362
Stolen Block,23049
Gueta-Lupia,10705
Conde de Haro Brut,5555
Windrow Vineyards,26997
Corton-Rognet,5809
Chateau Chateau Island Ebenezer,4548
Blanc de Noirs,2594
Wild Eyed,26916
Makedonikos Rosé Semi-Dry Wine,15172
Blanc de Blanc Brut,2574
Lone Oak Vineyard Estate,14651
Noble House,16928
Hossfeld Coliseum,11371
Tuffeau,25185
Syrah 20,23366
Cecil,4276
Roséfine,20866
Ried Oberer Wald,20246
Run Dog Vineyard,20997
Paso Hondo Alto Selección,17907
Blow Sands,2772
Riserva Lucius,20365
Domaine Long-Depaquit Les Clos Grand Cru,7325
Uma Colección,25330
Serras de Azeitão,22001
Belcanto Extra Dry,2119
The Cenosillicaphobic Cat Sagrantino-Cinsault,24057
Vigneti La Selvanella Riserva,25976
Highlands Estate Alisos Hills,11187
Northridge Vineyard,17005
Scion,21696
Beato Riserva,2034
Madoro,15102
La Romanée Premier Cru,13147
Porter Bass Vineyard,18731
Cepages,4366
Murzelo Reserva,16533
Equity,8332
Clarión,4967
Barrack Ten Goal,1912
Some Poets,22574
Zaca Mesa Vineyard,27298
St. Jakobi Single Vineyard,22879
Il Volpe,11681
Vigneto Le Novaje,26013
Naiades,16631
Alate Kosher,570
Hopland Ranches,11359
Mirabelle Clone 115,15960
Passobianco,17939
Klaus Federspiel,12468
Apex 39,1212
Smaragd Kollmitz,22437
Ahler Vineyard,532
Oriana White Blend,17522
Prestige Extra Dry,18911
Map Maker,15261
Petri Riserva,18209
McCrae Wood,15603
Pelago,18036
Bella Bella,2130
Lote 43,14856
Monga Zin Lopez Vineyard Old Vine,16106
Goutte d'Or Premier Cru,10179
Bien Nacido Vineyard Santa Barbara Historic Vineyards Collection,2355
Burgenlandrot,3409
Estate Grown Cave Fermented Finch Hollow Unfiltered,8586
Rio Azul,20297
Gran Reserva Tempranillo-Graciano,10303
Virga Red,26366
Beyond,2301
The Glenrose Vineyard Invecchiato,24189
Becco Giallo,2064
Kallisti,12256
Castle Hill Trarbacher Schlossberg Kabinett,4204
Klickitat,12472
Namura Single Vineyard Special Reserve,16639
Estate Bottled Rutherford Red,8527
Terre dei Vestini San Zopito,23866
Rondineto,20664
Special Reserve Kosher,22760
Mongovone,16108
The Red Mullet,24384
Eveline,8774
Tornante,24822
Terroir Champoux Vineyard,23910
LBV,12753
Reserva Privada,19942
Ibéricos Crianza,11523
Xpression,27191
Barrel Select Reserve Cabernet Sauvignon-Merlot-Petit Verdot,1939
Il Priore,11639
Señor da Folla Verde,22084
Three Monks,24603
Lot 393,14820
Philip,18259
Goldman Vineyard Dry,10144
La Champréaux,12835
The Ditch Digger,24121
Gaubança,9873
The Soloist,24429
Le Sec de Juchepie Le Clos,13793
Cuvée Paradis Brut,6469
Edición Rosa,7922
Henneberg Vineyard,11030
Stagecoach Vineyard Block I-4,22895
Sassolini,21513
Alfaro Family Vineyards,686
HJW Vineyard Dry,10754
Château des Vaults La Jalousie,4836
Limited Selection Four,14514
Old Vines Unfiltered,17356
Usignolo,25454
Hope,11352
Portada Winemaker's Selection Branco,18723
1 C,18
Rosso Convento,20775
Story Vineyard,23116
Conner Lee Vineyard Conflict,5600
Bellissima,2171
Trasgaia,24947
Villa Pattono,26096
Motley Cock,16421
Veigas de Padriñán,25652
redFOUR,27496
Jerusalem Hill,12041
Ugolaia,25314
American Oak,965
Récolte Grand Cru,21057
Manene,15228
Viña Famatina,26466
Elephant Mountain Vineyard,8108
Les Gosses Vineyard,14142
Destiny Vineyards Reserve,7042
Violetta,26357
Cartoixa,4020
Viña 24,26439
Blockhouse,2757
Falveys,8940
Quinta de Pancas Grande Escolha,19354
Eiswein 375ml,7991
Sielo Blu,22182
Spanish Sons,22723
Poggio Etrusco,18602
Cuvee 22,6153
Hanson-Hsieh Vineyard,10848
Viura Chardonnay,26421
Picens,18316
Garuma Vineyard,9858
Walla Walla Valley Reserve,26655
Blanca Cusine Gran Reserva Brut Nature,2610
La Fermade,12942
Castell de Raimat,4151
Cuvée Prestige de Campuget,6497
Vino Bianco,26244
Rainy Day Red IV,19524
No 46,16876
Katie Mae White Table Wine,12320
Purbach Sublime,19158
Wavertree,26707
Whippet,26821
Block 6,2721
Jill's Cuvée,12061
Reserve Dulcet,20031
Doctrina Perpetua,7233
Sottocastello di Novello Riserva,22675
Severed Head Red,22074
Winemaker's Release Rosé of,27049
Rodon Maso delle Rose 375ml,20599
Azumbre Viñedos Centenarios,1677
Potts' Catch,18769
Hybrid,11432
47.5,238
Demetria Estate,6990
Cuvée Extra Dry,6326
Brauneberger Juffer-Sonnenuhr Auslese,3056
Hallgartener Jungfer Spätlese,10815
1762,84
New Gewurz,16781
Block 17,2692
Pinot Noir Brut Rosé,18456
Domaine Grand Romane Cuvée Prestige,7302
Angel Camp Vineyard,1091
Potro de Piedra Family Reserve Single Vineyard,18767
Poiano,18644
Toques et Clochers Méditerranéen,24807
Marriage,15408
Double T,7589
Duemilaotto Metodo Classico,7724
Fossetti,9509
Saccente,21184
Coreto Branco,5739
Gran Vinum,10322
Kite's Rest Vineyard,12459
En Barrica,8217
L'Entente,12685
Terre del Pelacane,23868
Raiza Reserva,19526
Laity,13307
Buti Nages,3436
Elyssia Gran Cuvee Brut,8168
Nicholas Estate Reserve,16794
Hochrain Old Vines,11277
C'est Magnifique,3474
Coriol,5743
Ancestor Selections Vineyard,1037
Reserva Heredad Brut,19927
SolAlto,22492
Tinto,24691
Octagon,17224
Rosso delle Miniere,20787
Black Cluster,2499
Rustridge Vineyard,21032
Brigden Vineyard,3142
Master's Red Blend,15500
Coombsville,5684
Le Porusot Premier Cru,13748
Mantele,15246
Chamán Gran Reserva,4462
Balduin von Hövel,1813
La Saignée,13169
Nonpareil Trésor Rosé Brut,16976
Convento do Tomar Reserva,5675
Château Baroncelli,4693
Cannubi Riserva,3809
Vargosa,25610
Cré Vendemmia Tardiva,6081
Milestone Cabernet Franc-Merlot,15882
Domaine Drouhin-Vaudon Vaudésir Grand Cru,7298
Le Poiane,13746
Schneiderberg Eiswein,21675
Fracastoro,9561
Rough Justice Red,20895
Single Vineyard Plot: Sauco,22325
Don Tiburcio,7509
Bullrush Vineyard,3395
Piesporter Goldtröpfchen GG Trocken,18370
Finca Domingo F. Sarmiento Single Vineyard,9146
Bricco delle Viole Riserva,3124
Seven Hills Vineyard Estate Vineyards,22051
Gravura,10563
Villa Fortunato,26082
Paleo,17733
Gap's Crown,9829
Saignée Rosé,21216
New York Premium Selection,16785
Highlands Estates Trace Ridge,11195
Clos du Lune Vineyard,5238
Gwin,10729
Cuvée de Paso,6605
M-Series Edom,15026
Cuvée Charles,6281
Carl Reserve,3938
Bernier-Sibary Vineyard,2250
Preston Vineyards,18921
Seleccion del Directorio Reserva,21795
Spruce Goose,22843
Diamant Rouge,7095
Sobra Red,22468
Morrison Lane Vineyard,16377
Lillie Langtry Estate,14461
Cerida,4383
Block #3 Lawrence Vineyard,2684
Clos du Roi,5249
La Pilar,13098
Ramal Vineyard Swan Selection,19539
Cemetery Vineyard Indigenous,4331
Michel Lynch,15861
Z Cuvee,27281
Roma En Chamberlin,20630
Vintner's Cuvee XXI,26315
Sangiacomo Road Vineyard Blanc de Blancs,21387
Sanleonino,21412
La Demoiselle,12919
Altano,800
Nimbus Estate,16844
Star Tree Cuvée Brulsand Doux Sparkling Wine,22918
Le Clos,13582
Il,11553
Quinta do Encontro Encontro I Branco,19387
John Lewis,12090
Lenné Vineyard,13888
Catena Nicasia Vineyard,4226
Les Chaumes Premier Cru,14029
Sangiacomo Old Lakeville Road Vineyard,21386
Dal Re,6803
Freakout White Wine,9616
Solaz Blanco,22506
Rolleri Cuvee,20622
Vega Medien Brut Rosé,25645
Gold Label Middle Reach,10112
Defiance Vineyard Estate,6942
Cerretalto,4387
Questo,19289
Scurati,21711
Scorched Earth Vineyard,21702
J.D. Hurley Cabiolo,11903
Stephanie,23023
Le Mandorlae Riserva,13669
Ricordati,20214
Liandra,14411
Cinque Terra Vineyard,4923
Dido,7143
Simboli,22270
Ephraim Clarke,8309
Gabarinza,9762
Big Block Red,2371
Viñedo No. 7,26517
Sekt Brut,21787
Kama,12262
Miros de Ribera Crianza,15980
Saitone Vineyard Olivet Bench,21242
I Macchioni,11472
Château Lajarre,4737
KRV Block #13,12220
Aamackhnoc,357
Doyenne,7600
Seigneurs de Bergerac,21782
Camel Hill,3686
Lot 1232,14754
Cigar Old Vine,4897
Bock Cuvée Barrique,2817
Le Mistral Vineyard,13688
Cabernet Franc-Merlot,3541
L'Erpico,12697
Les Pommiers,14268
Sur les Grèves Clos Saint-Anne Premier Cru,23261
E&E; Black Pepper,7838
Essencia Eiswein,8476
The Cab,24051
Noche de Luna,16949
Bin 75,2438
Quinta dos Aciprestes Reserva,19407
G & G,9729
Inchinnan,11732
Les Pins Couchés,14263
Intaglio,11825
Il Granaio,11594
Bald Mountain Ranch,1803
Kracher No. 12,12532
Alden Perry Reserve,626
Hurst Vineyard,11427
Epicenter Old Vines,8314
The Pintail Doctor's Vineyard,24352
10 Anos Tawny,28
Brancott B,3032
Anthilia,1175
Collection Field Blend,5425
Les Genevrières Premier Cru,14138
Vintner's Blend #12,26310
Rupestris,21008
Coéo Three Vineyard,5936
Yá Cuvée 23 Brut Rosé,27276
Rose of,20744
Le Bouchet,13529
Hochheimer Kirchenstück Trocken,11271
Añares Reserva,1682
The Originals,24330
Bonita's Hill Don Miguel Vineyard Unfiltered,2880
Rosé Top,20828
Ottone I,17610
Limited Edition Crianza,14484
Blackbird,2548
Terre de Levant,23857
Marquis de Laguiche Morgeot Premier Cru,15393
Trabener Würzgarten Beerenauslese 375 ml,24896
Cuvée Platinum Extra Dry,6485
Schiefer,21651
Alchemy,621
Eleanor of Aquitaine,8089
Cullen Vineyard,6100
Dark Chocolate,6862
60/40 Reserve Barrel Select,279
Ruby Leigh Red Wine,20976
Grand Cru Blanc de Blancs Chouilly Brut,10360
Spinning Red Lot #3,22795
Colle Imperatrice,5411
Cutthroat Blend,6149
Orsi Vineyard,17565
Kronos Limited Edition,12571
Hyde Vineyard,11434
Lieu-Dit Saint-Joseph,14444
As If Serendipity,1454
Split Rock Vineyard,22818
Saint George-Cabernet Sauvignon,21221
Boon Fly's Hill,2891
Via Cenit VDC,25788
Azagador Viñedos Propios Crianza,1667
Corchaug Estate Ben's Blend,5715
Clos des Ursules Premier Cru,5228
Sundance Vineyard ‘The Deal',23217
Estate Bottled and Grown,8538
Grace Vineyard,10208
Californa Cuvee,3647
Block Selection Reserve,2750
Thea's Selection,24535
In Fine,11717
Molten,16066
RTR Estate Vineyard Dry,19486
Finca Los Lirios de los Andes,9168
OVOC,17143
Deep River,6930
Pinot Gris & Pinot Noir,18452
San Carlos Estate Single Vineyard,21308
Alexis,673
Château Lafleur de Haute-Serre,4736
Pago Negralada,17690
Peacock Patch Reserve,18015
T.H. Terroir Hunter,23450
Seleccion de Bodega Single Vineyard,21794
Eileen Hardy,7986
Bigalow Vineyard,2400
Oldfield Series 2Bench,17363
Chateaux du Lovall,4558
Grand Blanc Brut,10345
Marrugat Brut,15409
Baronnie Madeleine,1907
Shaly Loam,22110
Calcura,3624
Big John,2382
Cuvée Royale,6519
Winemaker's Selection Blend,27061
Stonewell,23101
Dom Ruinart Brut Rosé,7275
Bramante Cosimi,3021
Cuvée Nicolas,6456
Tradition Chardonnay Brut,24909
Afternoon Delight Estate,497
Lagniappe,13281
Testamatta Soffocone di Vincigliata,23967
Blacksmith,2554
Rosacroce,20699
Juan de Valdelana,12161
Staforte,22889
Green Label,10577
Black Label,2511
Bon Vivant Destiny Vineyards,2856
Le Bord'eaux,13527
Charles Wetmore,4520
The Loose Cannon,24258
777,293
Bradford Mountain,3010
L'Atelier,12660
Mineral Dry,15941
Diamond Ridge Series,7123
Reserva Maitén Single Vineyard,19934
Villa Zorilor Prince Matei Gran Riserva,26113
Tertre-Perdigous,23951
Primoroso,18974
Nußberg Alte Reben,17099
Allomi,740
The White Estate Vineyards,24501
Syrah du Soleil Sue's Block,23373
Esprimo,8450
Titien de Margüi,24727
Thorn Road Ranch,24574
Spofford Station Vineyard,22822
Steingarten,22988
Pinot Noir Reserve,18458
Piancarda,18293
Domaine de Longue Toque,7363
7200 Grassini Family Vineyard,290
Garnacha de Fuego Old Vines,9849
Baranoff Vineyard,1855
Artistica,1444
RGF,19470
Vignali,25951
Laguna del Inca,13298
Test Pilot Sabre Jet F-86,23960
Old Camp,17275
Viña Victorio Coletto,26504
XX Anni in Due Secoli,27170
Puntay,19147
Unbridled,25346
Herencia,11067
Katie's Côte,12325
Uriah Estate Grown Red Wine,25442
J Cuvée 20,11893
Yasmin Kosher Red,27231
Endeavor,8256
Boschetti Vineyard,2932
Cameron Vale,3694
Cuvée Especial,6319
Ca' del Solo Estate Vineyard,3525
Grand Champion,10352
Valley Cuvée,25568
Paradise Road Vineyard,17806
Premium Merlot,18860
Lawrence Vineyards Freyja White,13494
Achelo,421
Élite,27530
Stone Ranch,23072
Burnside Road Vineyard,3416
Margus Margi,15317
Fastaia,9005
True Red Lot 27,25143
Clos des Myglands,5219
Clos les Cornirets,5258
Jungherrn,12196
Manapetra,15217
Vineyards of TreMonte,26206
Borghini Baldovinetti (Armaiolo),2915
Monte Cascas Reserva Branco,16171
Dimples,7167
The Estates Evergreen,24144
Weisshaus,26757
Alle Viole,725
Talentus Grand Escolha,23494
Viña Punto Alto,26488
Val De L'Ours,25507
Sea Smoke Vineyard,21719
Unoaked Reserva,25401
La Carrière,12819
Original Vines Reserve,17531
Niclaire,16798
Avant-Garde,1618
Colosal,5468
A Thousand Flowers,335
Ehrlich Vineyard,7968
Cà del Laito,6676
MC,15036
Cargasacchi Vineyard,3925
1865 Reserva,99
Satén,21531
William Cain Vineyard,26958
Cuvée Eglantine,6313
Guillermo,10712
Fleur de Veeder Napa Redwoods Estate,9342
Cotes de Tablas Blanc,5888
Sixgill,22380
Reserve Gimblett Gravels,20038
Zeltinger Himmelreich Spätlese,27323
Alphonse,775
El Jabali Vineyard,8037
Kapuzinerberg,12284
Spätlese Grünlack,22853
Climax,5029
20th Vintage Sauvignon Blanc,145
Rarissime,19624
Carrément Rouge,3991
Monte Alentejano,16151
Heavenly Retreat Semi-sweet,10965
Whisperin' E,26825
Aspire,1477
Pinot Noir Brut,18454
In The Buff,11719
Cuvee J,6167
Starlight,22924
Sushi Sélection,23273
Phelps Creek Vineyard,18250
Piedmont,18339
Tallulah's Run Reserve,23499
Vigneto di Monte Lodoletta,26039
Rosé Dry,20814
ONE,17137
Serrig Schloss Saarsteiner Kabinett,22018
Sino da Romaneira,22354
Trenton View Vineyard,25000
Munjebel 7 VA,16511
Mill Race,15885
Ciel du Cheval Vineyard Reserve Red,4889
Gerber Vineyards,9936
Bacca Bianca Tenuta di Budonetto,1727
En Chamberlin El Jefe,8223
Stone Ranch Vineyard,23073
Hilltop Vineyard,11218
Flor del Montgó,9374
(Southern Highlands) GI,9
Rosehall Vineyard,20751
Le Vallon,13819
M Moscato,15018
Bien Nacido X Block The Good Nacido,2362
The Perfect Play Pink,24346
Stanly Ranch Estate,22913
Les Combes d'Arneval Lieu-Dit Arnavès,14056
Emily Kestrel,8195
Tikka's Run,24664
Family Estate Vineyard Private Reserve,8963
Rosemary's Vineyard Estate Bottled,20757
Espirito Rosé,8441
Selección de Familia,21821
Obtuse,17196
Granite Hill Reserve,10522
Campo Ardosa,3732
Capitel della Crosara,3876
Estate-grown,8717
Heart,10953
Boulder,2959
Cellar Reserve,4315
Santa Catalina Island Vineyards,21429
Premium Vecchia Modena,18874
Dom Dry,7264
Selección de Bodega,21819
Chockstone,4644
Ovello Vigna Loreto,17631
Ian Cuvée,11518
Meadow Breeze Sweet,15637
Marquês de Borba Reserva,15405
Holbar,11293
Artist Series Meritage,1435
Grand Cuvée Brut,10391
Prestige Cuvée,18909
Durell Vineyards,7762
Tulin,25188
Firepeak Vineyard El Gordo,9258
Terras de Felgueiras,23819
Eichkogel,7972
Familia Comenge Reserva,8953
Deóbriga Selección Familiar,7074
Whitton Vineyard,26885
Hochgrassnitzberg Reserve,11247
Martin Fierro,15422
Votre Santé,26583
Katherine Corkrum,12309
Marquise de la Tourette,15398
Le Renard,13767
Les Celliers de la Pauline,13987
Le Rive di Ogliano Millesimato Extra Dry,13771
Michel Forget Grand Cru Brut Rosé,15859
Appellation Old Vines Kosher,1230
Identity Tannat,11540
Vendimia Tardia Single Vineyard Finca El Bosque,25692
Redi,19798
Caterina Zardini Riserva,4228
Les Fourneaux Premier Cru,14126
Lovely Rita,14877
Insania Merlot-Cabernet Sauvignon-Petit Verdot-Malbec-Cabernet Franc,11798
Version Red Anna's Vineyard Reserve,25755
Cutt Fearless Red,6147
Novelle Vague Nummer 6 Grande Cuvée Trockenbeerenauslese,17049
Montepaone,16250
The Triple Play,24467
Special Harvest,22755
Diamond Dust Vineyard,7109
Washington State Cuvée,26687
The Glenrose Vineyard Roussanne-Grenache Blanc,24191
4 Grape Blend,221
Sesso,22031
Camp Gros,3702
Real de Aragon,19677
Martin del Nero,15426
Axia Syrah Xinomavro,1651
BANK,1692
Cabernet Merlot,3543
CUTT Fearless,3507
Zöbinger Heiligenstein,27413
Barrel Fermented Reserve,1929
Vigna Macereto Riserva,25873
Cuvée Colette,6294
Cupido Péché Mignon,6124
Opera Prima Charmat,17449
Maison du Villard,15166
Vigna Camarato Riserva,25852
El Olivar Single Vineyard,8054
Cariblanco,3930
Cotes du Crow's,5891
Sultry Red Bistro Style Wine,23189
Vittorio's Secret Red Wine,26415
Los Bohemios,14693
BFM Red,1701
Springvale,22841
Christina,4663
Laumersheimer Alte Reben Trocken,13462
Tenuta di Budonetto Lù,23704
Zardoz,27310
Louer Family Vineyard,14863
Lagrimas de Luna,13290
Gran Reserva Maipo Alto,10299
Artesanía Brut Rosado,1408
Gran Reserva Apalta Vineyard,10284
Charlotte,4525
Syrah-Carignan,23374
Post Vineyard,18758
La Charmille,12845
Costa,5830
Vitral Reserva,26412
Three Vineyard Cuvée,24623
Proprietor's Special Reserve 25th Anniversary,19088
Tenuta S. Giovanni Duesanti,23693
Oak Vineyard,17164
Tomasson Vineyard,24772
Timothy,24677
Demi-Sec,6993
Papa's Knoll Estate Bottled,17782
Dona Helena Colheita,7517
Hallberg Vineyard Dijon Clone 777 7% Whole Cluster,10808
Skalani Syrah-Kotsifali,22384
Mas Donis Rosat,15445
Familia Navarro Torrre Grand Gold Medal,8954
Leirana,13870
Bianca di Valguarnera,2311
Steinporz Smaragd,23000
Flor de Grealo,9366
Suavis Locus Ille,23157
GB,9742
Three Sisters Vineyard Sea Ridge Meadow,24613
Aria Brut,1328
Alleanza,726
Guarda Boschi,10694
Boom Boom!,2889
Dancing Bull,6838
Block M Estate,2744
Terrunyo Vineyard Selection Block 28,23942
Brigando,3141
Au Natural,1539
Clos de L'Obac,5161
Grande Tuscan,10496
Sparkling Brut,22729
Sta. Helena,22886
Five Generations,9288
Terra Amata Chusclan,23748
Pinot Blanc,18445
Pitangerets Premier Cru,18507
Ridgecrest Vineyards Reserve,20219
Le Clarence de Haut-Brion,13580
Haute Collection,10919
Amethystos Red,979
Ashmead Single Vineyard,1468
Rangen de Thann Grand Cru Clos Saint-Théobald ,19592
Arborina,1265
Kuyen Red Wine,12596
3 Months in Oak,178
Helios,11007
The Recluse Broken Leg Vineyard,24383
Sobre Lías,22470
Luzón Blanco,14990
Dijon 76 Clone,7156
Rubrica,20969
Lot 103,14740
Mystic Vineyard,16568
Passion d'une Vie,17922
Lolo,14634
Fourchaume Premier Cru,9548
Camelot Vineyard,3691
Expression de Orthogneiss,8828
Gran Feudo Crianza,10265
Religion,19867
Bates Creek Vineyard,2000
Red Delicious,19713
Butchers Block,3434
Sangre de Toro,21404
Guadalupe,10680
Odé Cabernet Sauvignon-Agiorgitiko,17239
Garbèl,9836
Poggio All'Oro Riserva,18592
Murno,16522
Super Tesscan,23243
Reserve,19979
Mahra Bogazkere-Öküzgözü,15150
Sorelle,22642
Les Jalets,14186
Nicholas Estate,16792
Wallywood,26665
Tricorno,25051
Zane,27306
Vino di Tavola Rosso,26261
Hommage à nos Pairs Reserve,11335
Leepin Vineyard,13850
Réserve,21059
Brut Blanc de Blanc,3221
Quinta da Bacalhôa,19314
Lot 324,14802
SBR,21138
Tête-à-Tête,25299
Soucie Vineyard Generous Old Vine,22676
Old Vines,17338
Schatz Family Reserve,21638
Rutherford Crossroad,21037
Falcata Crianza,8922
Grand A du Petit Léon,10339
Upsilon Rosé of Syrah,25430
Stone Place,23071
R Collection,19443
Casa Sant'Orsola,4039
Albutom Vineyard,611
Dolce Sinfonia,7245
Serpentine Ridge Reserve,21986
Cyril Henschke,6667
La Chapelle Gordonne,12838
Bastardo-Merlot,1990
Leonardini Vyd,13898
Peters Vineyard,18168
Buriano,3413
Cantalici,3819
Casa Ermelinda Freitas Monte de Baía Branco,4032
Roc-Epine,20502
Lahn,13299
Bacchanal Estate Grown,1731
Watch Hill Vineyard,26688
Sammarco,21288
Gran Bajoz,10237
Nemarniki Vineyard,16737
Villa di Campobello,26120
Rio Russo,20300
Francos Reserva,9583
Domaine Le Pive Gris,7317
Brunette,3209
Cul de Beaujeu,6099
Équinoxe,27536
NonnOrlando,16973
Ambassador's 1953 Vineyard,945
Serego Alighieri Poderi del Bello Ovile,21945
Qualitätswein,19241
Les Éléments,14375
Nu har,17058
Quinta das Setencostas,19343
Tierra Alta,24648
Château Reserve,4758
La Fleur du Barril,12951
Single Vineyard Falaris Hill Vineyard Reserva Especial,22312
Cerro Prieto,4392
3 Clone,168
Les Archevêques,13928
Dead Fred Vineyard,6903
Harlequin Reserve,10860
The Broken Fishplate,24044
BEEspoke,1698
Wise Ass,27099
Sultry Red,23187
Meleto,15690
Corpus del Muni Roble,5771
Morgado da Canita,16357
Château de Launay Vignes d'Elisa,4801
Escudo Rojo,8414
Lodi Old Vine,14594
Elk Cove Vineyard,8139
Re dei Re Vintner's Reserve,19669
Winemaker's Reserve Peters Vineyards,27054
Réserve de la Famille,21087
The Cornerstone,24088
Puncheon Select,19143
Oakley 82,17166
Carnal,3961
B,1684
Oehlman Vineyard,17242
Cru Classe,6053
Highland Estates Napa Mountain,11183
Chento Vineyard Selection,4589
Reserve Assemblage Carménère-Cabernet Sauvignon-Cabernet Franc,19992
Radiance,19505
Vigna Liste Riserva,25871
Selection St. Martin,21856
Mountainside Vineyards,16454
The Wolftrap Viognier-Chenin Blanc-Grenache Blanc,24518
Marquis Philips S2,15389
Recher Herrenberg,19689
Grandmére,10506
Mason Vineyard,15479
Lavinia Maria,13483
Cetamura,4402
Cuvée Sublime Demi-Sec,6571
Siclys,22177
Heritage Single Vineyard,11091
L'Etoile Brut,12707
Maceración Carbónica,15067
Ravat 51,19646
Parks Vyd,17863
Westside Road Neighbors,26802
Mount Crawford Single Vineyard,16429
Domaine Marandy,7330
Becquer,2091
The Proposition Premium Cuvée,24367
Cratere Rosso,5956
Cellar Select,4316
Mi Pasión,15842
Brut Rose,3305
Hochheimer Kirchenstück Beerenauslese,11264
Vittorio,26414
Bilancio,2406
Baker Vineyard,1793
Nobles Vineyard,16941
Diamant des Karantes La Clape,7096
Schlossberg,21664
La Colina,12861
Oberemmeler Hütte Spätlese,17179
Stagecoach Vineyard Advocate,22893
Precios,18796
Inspiración,11805
Viking Estate Vineyard Reserve,26049
Blanco,2617
El Chaparral de Vega Sindoa Old Vines,8023
Suisassi,23180
Avery Vineyard,1629
Viking Estate Reserve,26047
Forster Pechstein Spätlese,9481
Étoile Brut,27537
Shone Farm,22157
Punch,19142
Three Palms Vineyard,24606
Celadon Esperanza Vineyard,4295
Veni Vidi Vici Pinot Noir-Syrah,25699
MK Vineyard,15045
Le Soleilla L'Intrus La Clape,13802
Les Bellevues,13957
Seven Hills Vineyard Estate,22048
Jack London Vineyard 30th Anniversary,11932
Gran Reserva de los Andes,10306
Rio Tinto Silvaspoons Vineyard,20305
Splendido,22811
Talmage Bench Aldine Vineyard,23500
Ruxton Vineyard Dutton Ranch,21046
Kupra,12592
2 Spires Red,121
Detonation,7046
Megas Oenos,15675
Paradox,17809
Aegades,478
Chenin Blanc - Sauvignon Blanc,4578
Clifton Hill Vineyard,5022
Lujuria,14938
Craigmoor AC1 Vineyard,5942
Winemaker's Select Co-ferment Estate,27057
Blend 26,2651
Agiorgitiko by Gaia,508
Vinnae Servus Cella,26243
Cellar Select Artist Series Dan Ostergaard Estate Bottled,4317
Piper Frenchman Hill Vineyard,18496
Il Musico,11620
Les Grands Epenots Premier Cru,14153
Redinoce,19802
Ramato,19541
Segada Branco,21775
Gran Lurton Corte Friulano,10272
The Gala,24177
Les Comtes de Cahors,14061
La Dame Rousse,12916
Mes Trois Amours Red Wine,15793
Richard Sauret Reserve,20207
Flos de Pinoso Made With Organic Grapes,9388
Puerto Viejo Single Vineyard Reserve Estate Bottled,19135
Terreforru,23892
The Altruist Calistoga Estate Vineyard,23989
Ètim Old Vines,27523
Guadalupe Vineyard,10684
Tom Feeney Ranch Old Vine,24764
Baric,1885
Pinot Grigio,18450
Isaac's Reserve,11861
Icono,11535
Balthasar,1832
Don David Finca La Urquiza #8,7465
Secret Reserve Petite Syrah Kosher,21754
No Oak Estate Edna Ranch,16883
Nadal,16624
Sunday Morning,23219
Abondante Red,388
Les Enfants Terribles,14101
Nysa,17101
Chevalier du Grand Loc,4614
Valdiserre,25536
Sustainably Farmed Sparkling,23278
The Mariner,24274
Bugader,3381
Blecua,2640
Baroque,1908
20/20,138
Winemaker Reserva,27032
Jet Black Destiny Ridge Vineyard,12051
The Deuce,24113
The Hundreth Monkey,24225
Elerding Vineyard Double Barrel,8111
Vigneto Bucerchiale Riserva,25996
Davis Vineyard Dry,6884
Conca,5533
Petit Grealo,18192
Organic Viticulture,17510
Damiano Vineyard,6830
Mercenary Reserve 25,15735
RosaMati,20697
Badarina,1759
Oreno,17506
Mediterranean Nights,15655
Fantozzi Vineyard,8985
Hammerklavier McIntyre Vineyard Pinot Noir-Dornfelder,10822
Tradition,24907
Authentic Red,1587
EA Tinto,7844
Camille,3696
Vache Signature Collection,25495
Reserve Late Harvest,20044
Erdener Treppchen Spätlese*,8371
Classic Extra Dry,4983
Eagles' Perch,7864
Barking Mad,1888
Opi Riserva,17463
Pegos Claros Colheita,18030
Scottsdale Vineyard,21704
La Perlara,13083
Lily Pad Noir,14468
Vigneto Le Rosse,26014
La Chapelle d'Ausone,12840
Spargolo,22727
Hein Vineyard - Hayley Vineyard,10990
Lockwood Vineyard,14588
Fleur de Champagne Blanc de Blancs Brut,9329
La Grola,13001
Londer Estate Grown,14642
The Dungeon,24131
West Rows Sangiacomo Vineyard,26776
Millenovecento 48 Riserva,15898
Rock & Vine,20540
Brut Reserva Privada,3298
Stature,22949
Roseum,20765
I Cantoni,11459
Demi-sec,6994
Brut 204,3216
Keramos Riserva,12363
Sweet Torito,23312
33 Degrees North Gracie Hill Vineyard,200
Le Bon Climat Vineyard,13525
Seigneurs de Monbazillac,21783
The Pairing Collection Chicken & Turkey,24335
Lot 337,14807
Crianza Grenache-Tempranillo,5992
Black Chicken,2498
Estate Reserve No Oak,8663
Bistro Wine,2485
Deidesheimer Hohenmorgen Trocken Erste Lage,6951
Tadpole,23475
Esporão Reserva Branco,8449
Rosato de,20725
HMR Estate,10756
Giulio Ferrari Riserva del Fondatore,10043
Casa la Joya Gran Reserve,4065
Pata Negra Gran Reserva,17946
Cesco dell'Ermo,4399
White Hill,26848
Altitude +720,842
XXIII,27173
Giunco,10045
Hoenselaars Vineyard Upper Block,11284
Westside Farms,26800
No 19,16872
Les Bernadats,13960
Syrca Red,23385
Quaglia Vineyard,19228
Villa Prandone Donello,26100
Ciabatta Riserva,4861
Il Poggio,11635
L'Oratoire,12741
Dominique,7448
Megiddo Kosher,15676
Dyer Vineyard,7806
La Cumbre,12905
Querciolo Riserva,19282
Toad's Pride,24735
Verano,25722
Amat,937
Grand'Arte Rosé,10453
Rive Alte,20423
Z Dry Millesimato,27284
Waddington Ranch Vineyards,26631
Q,19207
Rocheux Reserve,20528
Kali Hart Estate Grown,12249
9,309
Whole Cluster Rosé of,26892
Cabovation Destiny Vineyards Mt. Christo Block Reserve,3566
Banda Dorada White,1838
Opulento Dessert Wine Touriga-Souzao-Tinto Cão,17483
La Serrana,13181
Nutaru Metodo Classico,17092
Bel Canto Red Wine,2111
Grillo Parlante,10634
Maestro Collection,15113
Egg Leiten Exclusiv,7958
Fralibri,9564
Wit Reserve,27102
de Maison,27445
Coleccion Limited Edition,5368
Phoenix Ranch,18273
Pierre McKinley Springs Vineyard,18356
TF Zin Hoodoo Creek VIneyard,23460
Terrae Dei,23808
Fairbairn Ranch,8910
Crazy Creek Estate Fidelity,5961
Erik's the Red,8383
Matusalem Oloroso Dulce Viejo,15536
Glockner-Turner Ranch,10068
Salix Vineyard Tannat-Malbec,21257
Gerações Colheita Seleccionada,9933
Satellite,21518
Rocche,20517
Mirepoix,15973
Telfryn & Calder,23631
Heiligenstein Alte Reben Reserve,10981
White Pinot Noir,26862
Alder Ridge Vineyard Grenache,633
Feliz #62 Zinfandel,9046
Conde de Valdemar,5557
Cuvée Kristin Estate Blend Red Wine,6394
Hawk's View Vineyard,10935
Abrazo del Toro,392
Königsberg,12607
Les Hautes Tours,14171
Falcoaria Reserva,8925
Acciderba,417
Cueva del Monge,6095
Guttenberg,10725
Fontanelle,9437
Centánni Vineyard,4362
Vaillon Premier Cru,25502
Tebavio,23614
Rubi,20956
Diamond Jem Vineyard,7111
Cuvée L,6395
Villa Canlungo,26070
Afterglow Estate Dessert,496
Russian Oak,21022
Prima Donna Red,18940
McGinley Vineyard,15617
Hickory Hollow Semi-Dry,11151
Evel Branco,8771
Stone's Throw Vineyard Estate Grown,23088
Signature Cuvée,22210
Fojo,9417
Grand Classique,10355
Red Old Vines Cuvée VI Red Table Wine,19740
Estate Pheasant Run Vineyard Merriment Red Wine,8643
Legit,13867
Estate Red,8652
First Timer,9274
Le Dog de Christophe,13615
Upper Russian River,25426
Château de la Bigotière,4824
LB,12751
Seeberg Reserve,21773
Hugl,11401
Lot 320,14801
Tsarine Blanc de Blancs Grand Cru Brut,25171
Famiglia Bianchi,8946
Cuvée 61 Brut,6216
Founders' Selection,9523
Boushey,2984
Fox Creek Vineyard Old Vine,9556
Sorì San Lorenzo,22660
Casarsa Rosso,4084
Les Tessons,14321
Hors Saison,11363
Schön Smaragd,21690
Vigna Rionda Riserva,25895
Clos de l'Ecu Premier Cru,5173
Nina,16848
1105,53
Lui Selection,14930
Casa Carneros Vineyards,4026
Full Fathom Five,9692
Grande Escolha,10470
Three Vineyard,24622
The Creator,24094
Cicinis,4871
Graf de La Tour,10217
Sierra Mar Vineyard,22191
The Vineyards,24487
Gold Coast Vineyard Dijon Selection,10106
No 1,16870
Ried Achleiten,20225
Dijon Clone,7158
Alvarinho,890
Nelin,16732
Torre di Giano,24847
Domaine Pardon Cuvée de l'Ermitage,7338
Enkircher Batterieberg Spätlese,8274
Altano Quinta do Ataíde Reserva,804
Coeur Blanc (White Heart),5333
Briccoserra,3130
Notios,17016
Celebration,4299
DC3,6767
Vine Select Monte Rosso Vineyard,26176
Steinhaus,22993
R62,19464
Wehlener Sonnenuhr Spätlese,26730
Nelson Vineyards,16736
Gold Ridge,10116
Clisos,5032
East Slope,7882
Ambassador's Reserve,946
Le Cengle Vieilles Vignes,13548
Clarendon,4959
Rosso del Conte,20784
Sei Vigne Insynthesis,21779
Nierstein Rehbach Spätlese,16811
20 Years Old Tawny,130
El Buho Red Wine,8012
Stone Corral Vineyard Proprietor Grown,23066
Tunuyan,25194
Jaraman,12003
Cuvée de l'Aubigue,6609
Reposado,19895
Artz Vineyards Red Wine,1447
Fleur Noir Blanc de Noirs Brut,9328
Elizabeth,8137
Equinox,8327
The HeadSnapper,24208
Fuenteseca,9691
Tres Blanc,25005
El Late Harvest,8046
Mumm de Cramant Blanc de Blancs,16497
Tannenberg,23515
Reiver,19860
JRG Red,11920
Méthode Ancienne,16587
Mainzer Domherr Eiswein,15155
Will's Cabin Vineyard,26953
Shadow Canyon Vineyard,22103
Beastly Old Vines,2032
Sorelle Per Sempre Sisters Forever Un-Oaked,22643
Cold Creek Vineyard,5363
Salmos,21262
Von Den Terrassen,26565
VieVité,25817
Lotus Lot #45,14861
Tirant,24722
Clos Abella,5069
Cuma Organic,6108
Beaune du Château Premier Cru,2054
Fuente Elvira,9687
Becklin Vineyards Georgia Rose,2072
Settarte,22036
Cornerstone,5755
Cali's Cuvée,3636
BlackTongue,2546
Sarmassa,21494
Soalheira 10-Year-Old Tawny,22465
Senses,21917
Three Twins Vineyard,24619
Schloss Wallhausen Berg Roxheim Spätlese,21663
Estate Club Free Run,8545
Epoch II Millenium Cuvée,8322
Château les Grands Chênes,4855
Fleurs de Belcier,9352
Les Beau Monts,13943
Savedra Vintage Port,21573
Salish,21256
Apianum,1220
Aszú 4 Puttonyos,1502
Domaine Chenevières,7288
French Camp,9644
Gran Enemigo,10261
Deer Park Vineyard,6940
Ysé,27272
Gemini,9895
Dutton Ranch - Cohen Vineyard,7775
Hillside Estate,11209
Dillon Springs Road Private Reserve,7165
Terrunyo Block Las Terrazas,23929
FLM Gran Reserva,8886
Coquille Blanc,5701
Lazare Vineyards,13499
Cabeça de Toiro Reserva,3561
VCS,25475
Small Block Series,22424
Cougar Hills,5906
Domaine de la Croix Jacquelet,7379
Coleccion de Familia Brote Negro,5371
dB Selection Shiraz-Cabernet,27437
T-Sanzo Rosado,23438
della Vite,27458
Masia Carreras,15468
The Central Late Harvest,24058
Vila Santa Branco Reserva,26055
Savory Vineyards,21578
Saia Grande,21214
Hochberc,11242
Marjorie Vineyard,15359
Intrepide,11834
Calkins Lane Vineyard,3659
Rupicolo,21009
El Puño Unfiltered Red Wine,8070
Cuvée C Extra Dry,6271
Corral Creek Vineyards,5774
Pajorè,17712
Coté de Lune Rouge Lasseter Vineyards,5901
Family Reserve,8966
Tess,23957
Fe Ciega Vineyard,9030
Undhof Kögl,25361
Barocco,1893
Abstberg Auslese,397
Arona,1374
Quinta do Cardo Selecção do Enólogo,19379
Karma Zin Rue Vineyard Old Vine,12290
Benegas Lynch,2201
Estate Monte Bello Vineyard,8634
Carter,4013
Viña Pomal Alto de la Caseta,26484
Autumn Chase,1592
Game Ranch Single Vineyard Selection,9815
Ronna,20667
Sceales Vineyard,21619
Auma Los Lingues,1556
Antu Mountain Vineyard,1201
Paço de São Lourenço Escolha,18007
Savant,21571
Spilya Vineyard,22792
Antiche Viti Reserva,1187
Bistro,2483
Ghielmetti Vineyard Clone 337,9968
Lot 314,14799
White X,26876
Mauro,15546
Los Cerezales,14697
Pino,18442
The Chard,24060
Clos de l'Echo,5170
Prélude Grands Crus Brut,19121
Due Mila Cinque,7717
Solesce,22525
Two Vineyards,25277
Massa Ranch Vineyard,15482
Nemorino,16743
Shiraz-Petit Verdot-Viognier,22153
Callisto,3669
Les Rocheuses Reserve,14288
Berncasteler Doctor Spatlëse,2246
Via Edetana,25791
Khayyam,12381
Charmille,4537
Vorbourg Grand Cru,26577
O:TU,17129
Canto de Apalta,3830
Maple Vineyard,15266
Ripe al Convento Riserva,20329
Basarin Vigna Gianmatè,1974
La Palma,13074
Tourvanillo Silvaspoons Vineyard Reserve,24884
Castillo Ducay,4194
Cheval Napa Redwoods Estate,4603
Za Zin Old Vine,27296
Giovanna-Jeanette Bien Nacido Vineyards,10028
Ziesel,27354
Cuvée André Vieilles Vignes,6247
Destinations,7029
Rosemary's Block Dry Stack Vineyard,20755
Clone 95,5067
The Magician's Assistant Cabernet Franc,24269
Esculle de Solabal,8415
Logan,14597
Les Duresses Premier Cru,14096
Granaio,10331
La Balade,12774
Rubino A Super Tuscan Style Blend,20960
Rocca Alata,20506
Blaufränkisch Reserve,2636
Docker Hill Vineyard,7228
Small Lot,22426
Georges III,9924
Piccetti Vineyard,18311
La Palma Reserva,13075
Roggeri,20605
Winemaker's Cuvée,27047
St. Justina Exclusiv,22881
Lily's Garden,14472
Viña 27,26440
Cambrian,3685
Cistera da Ribeira Tinto,4941
Dos Aguas,7564
Pine Hawk West Vineyard,18419
Federico Primo,9036
Bonbon,2865
Champoux Vineyard Red,4454
Shooting Star,22159
Riesling 11 Lake Dana Vineyard,20264
Big Tattoo,2396
Wine Philosophy,27020
JRG,11919
Montecillo Vineyard,16235
El Jabalí Vineyard Vin Gris,8040
Periquita White,18111
Verhey Vineyard,25737
Icon Native Sonoma Mixed Blocks,11534
Fontalloro,9434
Selecto,21862
Crianza Dara,5991
Monte Clavijo,16175
Selection,21851
Lunar Block,14961
Cross Creek Vineyard,6042
Kollmütz Federspiel,12512
Dom,7261
Clifton,5020
Companhia das Lezírias Catapereiro Branco,5509
Gamma,9821
Manso de Velasco Viñas Viejas,15245
Sperone,22778
Belcore,2120
Saint Clair Estate,21219
Ilka,11688
La Charnivolle,12846
Stonehorse,23091
Domaine de Bégrolles Sur Lie,7359
Prüm Blue Kabinett,19123
Imagine Reserve,11694
Barrel 16 Estate Grown,1921
Strale,23122
Old Hill Ranch Vineyard,17291
SkinFlint,22387
Pequeñas Producciones Estate Bottled,18084
Rousse Rouge,20904
Protagonist Red,19097
Artazuri,1399
Saporoia,21475
Private Stash #11,19040
Infamous Cooper Ranch,11769
Kosher,12523
Sauvignon Blanc - Macabeo,21556
Scarrone,21615
Mint Haven,15952
Rosenberg,20758
Kristen's Cuvee,12563
Piesporter QbA,18383
Dominio del Falcon,7447
181,90
Spumante,22844
Hidden Hills Vineyard,11155
Kimmeridgien,12424
Two Messengers,25263
Carballo Galego,3907
Blue Melosa,2788
Monte Dulce Sangiovese,16179
Presidential Late Bottled Vintage,18893
Le Pégourier,13758
Gran Corte VII,10245
Lila's Cuvée Estate Vineyard,14459
Booker Vineyard,2887
Cuvée la Croix Fourche,6645
Alder Ridge Vineyard La Montagnette,635
Domaine de Saint Pierre,7366
Saering Grand Cru,21194
Paverno,17984
The Nuts Sawyer Lindquist Vineyard,24318
I Tre Vescovi,11492
Reserve White Hawk Vineyard,20127
Art,1392
Trinity Bianco,25076
Expatrié Reserve,8816
Pioneer Block 3 43 Degrees Dillons Point,18489
Cascina Pioiero,4094
Maranatha Bloc,15273
Ancestor Selections,1036
Conca D'Oro,5534
XXVI,27174
Junge Reben Kabinett Trocken,12194
Monte Tombole,16208
Campo Burgo Crianza,3733
CLV,3499
Beckstoffer Georges III,2077
Fiori delle Stelle Limited Release Ice Wine,9243
Diversion,7207
Domaine Béranger,7285
Carniga,3969
Il Rosso di Vespa,11654
Vallée des Jardins,25585
Streamside,23134
Cherry Grove Vineyard,4592
Cinghiale Vineyard Gerard's Blend,4913
40-Year-Old Tawny,227
Cristina Don Miguel Vineyard,6020
Storm Front Red,23113
Niersteiner Oelberg Beerenauslese,16822
Vigna della Corona,25937
Rousseau Premier Cru,20905
Donna Rossa,7540
Mor,16339
Broken Leg Vineyard,3164
Durate-Georgetown Vineyard,7758
