winery,winery_label
Hilltown,6679
La Regola,7538
Château Poujeaux,3078
Il Follo,6826
Casa da Alorna,2028
Otuwhero,9407
Cedarville Vineyard,2293
Daou,4202
Antica Hirpinia,486
Masseria del Feudo Grottarossa,8518
Strip House,11709
Fat Gaucho,5489
Villa Spinosa,12952
Jean-Luc Joillot,7056
RouteStock Cellars,10789
Conte Brandolini,3879
Ktima Voyatzi,7385
ONX,9266
Laimburg,7613
Pazo Torrado,9660
Château Tanunda,3173
Pampa,9517
Longview,8005
Lacheteau,7587
Mockingbird,8802
Sanguinhal,10988
DeMorgenzon,4261
Bodegas Imperiales,1262
Año Verde,722
Piazzo Armando,9831
Le Vigne di Zamò,7791
Villa Puccini,12940
Pennywise,9725
Grimm's Bluff,6339
Serdonis,11196
Domaine Sipp-Mack,4693
Thatched Hut,12134
R.L. Buller & Son,10355
Venta del Puerto,12767
Silkman,11317
Grosset,6350
DeLorimier,4258
Panayia,9522
Michael Mondavi Family Estate,8709
Calzo,1721
Diez Llorente,4376
Ca' del Bosco,1656
Shenandoah Vineyards,11267
Oreades,9364
Terra Rosa,12052
Four Sons,5847
Ranchero Cellars,10407
Château Hannetot,2782
Queensgate,10229
Ceretto,2333
Produttori del Barbaresco,10132
Forget-Brimont,5809
Caruso & Minini,1985
Sepp Moser,11185
Château Lafon-Rochet,2884
Galil Mountain,5996
Wynns Coonawarra Estate,13484
Château de Sérame,3380
Picardy,9832
Dr. Weins-Prüm,5053
Prime Solum,10102
Alpha Domus,303
Federico Paternina,5564
Atwater,654
Honor Winery,6704
Mas Doix,8472
Brookland Valley,1534
Dr. Zenzen,5054
Tringali Casanuova,12467
Clos Pegase,3685
Domaine Roger Belland,4659
Stonestreet,11687
Tierra Roja,12283
Bugay,1581
Domaine des Croix,4847
L'Arbossar,7414
Le Bertille,7724
Domaine Mussy,4623
Château Cormeil-Figeac,2668
Domaine Sainte Léocadie,4679
Greenstone,6316
Château Haut-Goujon,2816
Greg Norman Estates,6319
DC Flynt MW Selections,4152
Barahonda,806
Strehn,11708
Château le Payral,3549
Château Figeac,2716
Legaris,7816
Barra of Mendocino,860
Wines & Winemakers,13430
Domaine Brusset,4444
Taplin Cellars,11848
Bellwether,957
Massena,8514
Agate Ridge,167
Carmelo Patti,1959
Freemark Abbey,5913
Volker Eisele Family Estate,13194
RouteStock,10788
D.H. Lescombes,4149
Carol Shelton,1969
Pago de los Capellanes,9464
7 Heavenly Chards,48
Bruno Nicodemi,1555
Château Branaire-Ducru,2597
Terrapin Cellars,12076
Fidelitas,5622
friends.red,13617
Campbells,1745
Franz Leth,5892
Erbaluna,5329
Tiamo,12271
M2,8165
Jackhammer,6983
Ringbolt,10607
Debonné,4268
Porter Family Vineyards,10050
Brushstroke,1559
Modus Operandi,8803
Pinot Evil,9920
Wine Block,13419
Millésimé,8758
Old Ghost,9315
Chateau Saint Nabor,2443
Moura Basto,8988
Château Cambon la Pelouse,2618
Clos du Roy,3717
Gonfalone,6206
Château la Longua,3515
Clos de L'Oratoire des Papes,3698
Domaine Seilly,4689
Kenefick Ranch,7280
Sorelle Winery,11499
Norbert Bauer,9222
Domaine des 2 Ânes,4838
Winderlea,13405
Formigal,5813
Davenport Cellars,4218
Heliodoro,6562
Domenico Clerico,4947
Johannishof,7119
Reilly's,10508
Au Bon Climat,655
Domaine Daniel Largeot,4486
Willow Creek,13392
Tolaini,12336
Domaine Perraud,4636
Caves Transmontanas,2267
Domaine de la Grenaudière,4817
Villa da Filicaja,12958
Graziano,6301
Malondro,8266
Ca' dei Zago,1654
Viña Otano,13145
Clerget,3651
Paul Blanck,9628
Rockledge Vineyards,10715
Pfeffingen,9794
Chanoine,2372
Artevino,605
Castello di Fonterutoli,2166
Khroma,7298
Domaine Loew,4595
Vega de la Reina,12757
Vergari,12788
Ventolaio di Fanti Luigi,12771
Porto Carras,10054
W.S. Keyes,13226
Diren,4387
The Tribe,12199
Bodega Carmen Rodríguez,1164
Flourish,5751
Estate Biblia Chora,5381
Château Tertre de Viaud,3180
Gilardi,6118
Lookout Ridge,8009
Talty Vineyards & Winery,11818
Dyer,5122
Golden,6197
Barefoot Cellars,822
Golden Ridge,6199
Lago di Merlo,7607
Mont Destin,8829
Château Bellevue la Forêt,2571
Russian River Vineyards,10842
Surfrider,11752
Beach Head,905
Qaramy,10208
Beresan,992
Marchesi Ginori Lisci,8335
Château le Grand Paroissien,3541
Château du Cèdre,3448
Robert Oatley,10666
Mendocino Vineyards,8657
Le Salette,7782
Left Coast Cellars,7812
Eagle Crest,5138
Khárisma,7299
Three Pears,12257
Hector Wine Company,6546
Evergreen Vineyards,5411
Amicus by X Winery,386
Michel-Schlumberger,8729
Williams Selyem,13387
BonAnno,1369
Frontier Red,5947
Alta Alella,310
Winter's Hill,13438
Anthill,477
Mount Edward,8969
Serni Fulvio Luigi,11203
Crescendo,4040
Vie Winery,12835
Vitteaut-Alberti,13077
K Cellars,7195
Montona,8907
Keswick Vineyards,7291
Pietro Caciorgna,9885
Garcia Schwaderer,6021
Bocopa,1157
Verso,12800
Château Mouton Rothschild,3020
Cataregia,2226
Faustino Rivero Ulecia,5557
Rush Vineyards,10839
Charles Creek,2388
Lovingston,8075
Goose Ridge,6212
Château Léoube,2958
Darien,4206
Poggio Salvi,10006
Luigi Righetti,8114
Bágoa do Miño,1625
La Querce,7534
Vigneti del Vulture,12871
Sandrone,10983
Cantina Produttori Cortaccia,1813
Steiner Family Vineyards,11621
Nuggucciet,9250
Cantine di Marzo,1878
Falua,5456
Red Truck,10479
Mar de Castilla,8312
Vega Sauco,12752
Ascheri,622
Tsillan,12510
Château Ampélia,2521
Cima Collina,3596
Mission Hill,8786
Weingut Weber,13296
Richard Bourgeois,10579
Langhorne Crossing,7650
Château Tour Chapoux,3193
Moletto,8808
Forbidden Zin,5797
Kale,7213
Drytown,5075
Te Kairanga,11879
San Simone,10965
Southern Willows,11513
Robert Renzoni,10671
Peju Province,9695
Brothers in Arms,1541
Xabec,13490
Willow Bridge,13391
Nirvana,9192
Château Gravas,2771
Lutum,8148
Château Haut-Mévret,2824
Peregrine,9740
MandraRossa,8278
Uva Negra,12615
Briar Rose,1504
Villa Poggio Salvi,12938
Lusco,8144
Think Tank,12219
Château Anthonic,2527
Bodegones Del Sur,1340
Château la Petite Roque,3522
Closerie du Bailli,3722
Palmeri,9506
Willowbrook,13395
Crystal Valley Cellars,4081
The Gate,12163
Feliz Noche,5571
Castillo De Feliciana,2196
San Jacopo da Vicchiomaggio,10946
Patriarche Père et Fils,9614
Los Dos,8033
Anakena,401
Domaine Grosbois,4536
Praxis,10073
Yarra Yering,13506
21 Grams,19
Jean-Luc and Paul Aegerter,7058
Cantina del Vermentino,1834
Weibel Family,13280
Petaluma,9758
Bodega Otto Bestué,1189
Samos,10922
Mendocino Farms,8656
Edgebaston,5163
Domaine Jean Grivot,4563
Wirra Wirra,13441
Vortex,13213
Castello d'Albola,2152
Arrowhead Mountain,594
d'Art Wines,13611
Galante,5991
Truth,12503
Les Vignerons de Tautavel Vingrau,7872
Domaine Guy & Yvan Dufouleur,4542
Cuevas del Sur,4091
Macindoe,8187
Cota 585,3991
Niedermayr Josef,9174
Bodegas Riolanc,1306
Hermanos Lurton,6623
Stella Fino,11624
TreViti,12429
Cantine Leonardo,1858
Château Flotis,2722
Cardinale,1928
Domaine Terlato & Chapoutier,4703
Novus,9244
Mas de Cadenet,8482
Gauthier,6046
Invivo,6901
Sassy Bitch,11042
Villa I Cipressi,12921
Château le Devoy Martine,3538
Gräflich von Hohenthal'Scher,6359
Hamilton Russell,6438
Altos Las Hormigas,337
Fesstivity,5602
De Ponte Cellars,4247
San Filippo,10937
Château de Monrecueil,3346
Calina,1708
Napa by N.A.P.A.,9090
Ada Nada,126
Fattoria Carpineta Fontalpino,5496
Salomon-Undhof,10911
C. Beck,1627
Il Molino di Grace,6830
Clos Troteligotte,3693
Château Cantenac Brown,2624
White Rock Vineyards,13339
Chateau Desmirail,2422
Château Beychevelle,2579
Joleté,7127
Tres Sabores,12452
King Family,7311
Château Saint-Urbain,3139
Te Mara,11880
Pontual,10038
Jeunesse,7091
Bigi,1042
Cenay,2321
Rignana,10601
Château Bois de Rolland,2586
Burrowing Owl,1608
Penumbra,9726
Sumaridge,11731
Bauchet Père et Fils,897
Signorello,11312
Fondo Antico,5773
Santos Beck,11027
Dama del Lago,4170
Carhartt Vineyard,1932
Feudo Antico,5610
Petito,9776
Quinta da Gaivosa,10258
Harbor Town,6469
Emilio Rojo,5274
Château d'Issan,3276
Marqués de la Concordia,8427
Season,11145
Aconcagua,112
Babcock,735
Rubiejo,10807
Tenuta Santomè,11978
Titora,12314
Château Larmande,2911
Bouza,1451
Cavas del Ampurdán,2241
Matheus,8544
Guicciardini Strozzi,6378
Omero,9337
Château Boswell,2590
Center of Effort,2326
Martinelli,8450
Château de Santenay,3375
La Palazzetta,7521
Villa Vignamaggio,12954
Züm,13607
Terza,12118
Cullen,4093
Grafen Neipperg,6245
Allegiance,275
Mumm Napa,9015
Bressan,1498
Domaine J. Meuret,4554
Balkan Hills,779
Le Grand Courtage,7753
Bizoe,1078
Flying Horse,5758
Pablo Claro,9436
Domaine de Nizas,4778
The Hunt,12169
Casa Girelli,1999
Masies d'Avinyo,8505
Tarara,11854
Forenzo,5804
Château Meyney,2994
Napoma,9091
Château de Montguéret,3348
Boyer,1465
Château de Pez,3356
Ballandean,780
Quinta da Lagoalva de Cima,10259
Domaine Grier,4535
Arregi,590
Rivino,10642
Domaine François Schmitt,4520
Manuel Olivier,8301
Sol Rouge,11439
Magistrate,8212
Domaine Chiroulet,4464
Cueto,4089
Hollywood & Vine,6696
Bodegas Palacio,1293
Piccoli,9837
Campogiovanni,1758
Louis Guntrum,8057
Château Brande-Bergère,2599
Solar de Randez,11445
Rocky Gully,10718
Santonegro,11026
Wiegner,13349
Harbes Family Vineyard,6467
Corte Giona,3956
Terre di Poggio,12101
Humilitat,6757
Porcupine Ridge,10043
Eagles Landing,5142
Matthews,8557
ZaHa,13540
Bodegas Antaño,1217
Mi Sueño,8699
De Saint Gall,4248
Brassfield,1482
Casa Verdi,2023
Château Vrai Caillou,3253
Bodegas Aragonesas,1219
Ram's Leap,10394
The Grade,12166
Puerta Colorada,10166
Prelius,10079
BookCliff,1382
Marc Sorrel,8323
Cascina Roccalini,2093
Familia Solana,5464
Falling Star,5454
Bottega,1430
Virginia Dare,13057
Stephen's,11644
La Chanterelle,7450
Rusden,10838
Mas Carlot,8470
Armosa,580
Glaetzer,6164
J. Alberto,6939
Showket,11287
Valle de la Puerta,12697
Elvio Cogno,5259
Abandon,82
Solar de Urbezo,11446
Salis 1637,10906
Château Chatard,2645
Philippe Fontaine,9810
Quinta da Lapa,10260
Viña Pargua,13148
Bodegas Peñafiel,1296
Martinez & Martinez,8451
Jodar,7107
Durbanville Hills,5105
Dievole,4375
Virna Borgogno,13060
Lorena Garcia,8018
Château Rieussec,3100
Chateau Lettau,2431
Château Crusquet de Lagarcie,2683
Ghost Pines,6089
Graben-Gritsch,6234
Capaia,1888
Eymann,5424
Rock Wall,10708
Tenuta Sette Cieli,11980
Charles Joguet,2394
Agros,190
Chocolate Box,2494
Springhill Cellars,11553
Alessandro di Camporeale,246
Caspari-Kappel,2112
Jekel,7077
Mapema,8308
Carlisle,1943
Château Peyredon Lagravette,3053
Riddoch Estate,10587
Bon Cap,1367
J.R. Wagner,6968
Rooster Hill,10759
Pax,9652
Carmina,1964
Roberts & Rogers,10680
Bleasdale,1118
Balía di Zola,793
Trenel Fils,12439
Cirque du Vin,3613
Coda,3750
Famille Hauller,5466
Trios,12474
Château de Lancyre,3330
Dane Cellars,4187
Creencia,4038
Overland,9416
Château Béard la Chapelle,2606
W. Gisselbrecht,13224
Kurt Hain,7400
Luca,8080
Rock Rabbit,10705
Primosic,10105
Honrama,6705
Château Tourans,3217
Browns of Padthaway,1546
Reynoso,10563
Château Respide-Médeville,3095
Château Tour de Calens,3206
Firstland,5714
Silvestri,11343
Shining Hill,11279
Bodegas Ventura De Vega,1322
Constantin Gofas,3876
Château de Valflaunès,3386
Dardano,4205
Les Vignerons D'Estezargues,7867
Gershon Bachus,6081
Colomé,3808
House of Nobilo,6728
Antonio Patric,510
Jäger,7194
Tiezzi,12288
Michlits,8733
Boeschen Vineyards,1347
SuLei,11720
Castelo do Papa,2188
Four Degrees of Riesling,5840
Coldisole,3775
Wild Hog,13356
Bodegas Balcona,1224
Sandeman,10977
Dancing Flame,4185
Tenuta San Vito,11972
Domaine René Monnier,4654
Goulée,6229
Domaine Andre Brunel,4421
Lonsdale Ridge,8007
Fuchsia,5950
Clos Pons,3687
Domaine du Clos d'Alari,4872
Des Amis,4321
Gualdo del Re,6365
HKG,6416
Chelsea Goldschmidt,2466
Suvla,11760
Gunter Triebaumer,6392
Domaine Guenault,4539
Avondale,705
Roco,10722
Francois Labet,5880
Le Torri di Campiglioni,7785
Domaine de la Courtade,4813
Piazzano,9830
Metate Hill Vineyards,8689
Convento Oreja,3899
Poggio Bertaio,9998
Fontanavecchia,5783
A.S. Kiken,69
Vistalba,13064
Dolce,4406
Yealands,13513
Ceja,2298
Château du Taillan,3465
Estefania,5385
Terre di Melazzano,12100
Barefoot Bubbly,821
Deinhard,4285
Pertinace,9752
Château Tour Baladoz,3191
Mesoneros de Castilla,8685
Château d'Auvernier,3268
Morris Ranch,8941
Walla Walla Vintners,13239
Château Aney,2524
Hunky Dory,6761
Sharp Cellars,11257
Deaver,4267
Senorio de San Vincente,11180
Sangenís I Vaqué,10985
Surf Point,11751
Pipeta,9928
Tenute Fiorebelli,12022
Peñascal,9793
Chanticleer,2375
Libra,7901
Murganheira,9022
Domaine du Touja,4898
Fabrizio Battaglino,5435
Whitman Cellars,13348
Chinook,2490
Masùt da Rive,8531
Coeur d'Alene,3755
Meador Estate,8621
R. Merlo,10352
Canyon Road,1882
Tenuta di Capraia,11999
Ghost Waltz,6090
Reverdito,10555
Abadía de Tortoreos,80
Jenkyn Place Vineyard,7082
Château de Saint-Cosme,3372
Teorema,12033
Sattlerhof,11045
Areo,557
Yorba,13524
Estandon,5379
Viña Magaña,13135
Château de Beauregard,3281
Kingsley Estate,7316
Januik Winery,7020
Chronicle,2507
Pol Roger,10023
Frick,5931
Valle de Salinas,12696
Eleusis,5234
Cave de Turckheim,2258
Pomar Junction,10027
Occhioverde,9294
Red Lava,10468
Kitá,7333
Le Petit Cochonnet,7772
Bodegas Berceo,1226
Señorío de Sarria,11239
Vogadori,13191
Kurtz Family,7401
Yamhill Valley,13502
Twin Oaks,12544
St Hallett,11558
Anthonij Rupert,478
Ashokawna,626
Metternich-Salomon,8694
Girolamo Dorigo,6148
Château Jacques Noir,2836
Blessing,1119
Domiciano de Barrancas,4950
Outback Chase,9410
Fleur Du Cap,5734
Bella Luna,936
Laurier,7706
Lieff,7909
Bishop's Peak,1070
Field Recordings,5624
Vatistas,12740
Stable Hill,11576
Camerano,1735
Lucas & Lewellen,8082
Heinz Schmitt,6557
Damien Laureau,4175
Hi Wines,6645
Eastwood,5149
Château L'Ermitage,2848
OnThEdge,9338
Viña Tabalí,13166
Marquis de Chasse,8405
Graf Hardegg,6243
Italo Cescon,6928
Bodega Maestre,1182
Crichton Hall,4044
EdenVale,5159
Kato,7249
Orion Wine,9377
Abelis Carthago,98
Quinta da Raza,10265
Massolino,8525
Mayol,8586
Purple Cowboy,10193
Fernández Gómez,5587
Mascota,8500
Kramer,7376
Ferrari Iris e Figli,5591
Lucente,8090
Donelan,4996
Domaine de Pellehaut,4780
Miles Mossop,8751
Rivetto,10641
Castel Grisch,2118
White Rose,13340
Château Chauvin,2647
River Star,10632
Domaine du Petit Coteau,4889
Spencer Roloson,11534
Red Pony Ranch,10473
Château la Grâce Dieu,3509
Château Jeandeman,2839
De Venoge,4255
Château Glorit,2750
Deep Sea,4273
Château le Moulin d'Ulysse,3544
Weingut Frank,13284
Deetlefs,4277
Château des Perligues,3433
Gloria Ferrer,6183
Municipal Winemakers,9016
Bastía,891
Lokoya,7978
Villa S. Andrea,12945
Bodegas Tintoralba,1316
Colli di Lapio,3798
Hinojosa,6682
Château Maréchaux,2984
Tres Palacios,12450
Château de Cénac,3311
Château Palmer,3034
Domaine Dominique Piron,4494
Tulip Winery,12521
Feudo Monaci,5614
Del Rio,4290
Argento,561
Foggy Bridge,5765
Cantine Lunae Bosoni,1860
Domaine D'en Ségur,4482
Costa del Sol,3984
Frank Cornelissen,5882
Sean Thackrey,11144
Stanley Brothers,11589
Bergsig,996
Viña Bisquertt,13099
Merrill Cellars,8676
Santa Rita,11015
Domaine Jacques-Frédéric Mugnier,4557
Aurielle,675
Recchia,10448
Vitae,13067
Sheldrake Point,11265
Codirosso,3751
Bodegas Bilbainas,1228
Vignerons de Tutiac,12866
Château Fonfroide,2725
AmByth,356
Seppeltsfield,11186
Cigliuti,3594
Cave de Kientzheim-Kaysersberg,2251
Volver,13201
Château la Croizille,3493
Hyde de Villaine,6777
Chloe,2493
Haras,6464
Mailly Grand Cru,8224
Latta,7689
Bodegas San Martín,1309
Marisa Cuomo,8376
Valtravieso,12718
Snosrap,11419
Rainstorm,10389
Villa dei Lecci,12959
Craftsman,4025
Mas des Etoiles,8492
Domaine Ferme Saint-Martin,4513
Franz Karl Schmitt,5889
Carlo Mario Margiotta,1947
Ostatu,9400
Château Léoville Barton,2959
Château la Bessane,3478
Bonterra,1380
Criadores de Rioja,4043
Unum,12603
Animale,458
Chumeia,2510
Pininfarina,9914
Mureda,9020
Passaggio,9600
Pagos de Quintana,9467
Clos Solène,3691
LAN,7427
TLC,11786
Poggio al Casone,10010
Macchia,8182
WildHaven,13365
Eric Louis,5334
Château Lajarre,2892
Cantine Aurora,1845
Michael David,8704
Pingao,9911
La Sauvageonne,7547
Château Dame Jane,2685
Tinhorn Creek,12308
Domaine Jérôme Gradassi,4577
La Escuelita,7477
One Stroke One,9346
Albinea Canali,228
Château de la Croix,3402
H.Germain,6413
Fat Croc,5488
Domaine Sarrabelle,4686
Château La Dournie,2859
Malene Wines,8257
Caves Aliança,2261
Nora,9220
Domaine St. George,4699
Cox,4022
Simaine Cellars,11345
Poet's Leap,9992
Venta Morales,12766
Familia Deicas,5459
Red Côte,10462
Lost Angel,8044
La Croix du Prieur,7469
Château Moya,3021
Ahnfeldt,199
Beaumont,911
Cheval des Andes,2477
One Leaf,9345
Finca La Estacada,5660
Domaine de la Guicharde,4818
Picayune,9833
Tosca,12389
Seghesio,11154
Château Lousteauneuf,2953
Barnard Griffin,831
Vite Colte,13068
The Farm Winery,12154
Balancing Act,767
Château Malbec,2974
Purcari,10189
Château du Galoupet,3451
Herzog,6630
Marshall Family Wines,8434
Lucia,8091
Adirondack Winery,154
Domaine Chignard,4463
Stephen & Walker,11641
RBJ,10359
Dourthe,5026
Orange River Wine Cellars,9360
Cave des Vignerons de Prisse,2259
Marisco Vineyards,8377
Nautilus,9106
Domaine Petroni,4639
Vinos Valtuille,13035
La Pieve,7524
Mas de Subirà,8487
Château Tour Robert,3197
Serradenari,11206
Château Beau-Site,2543
San Patrignano,10955
Ballard Lane,781
Rolland & Galarreta,10736
Les Useres,7866
Corte Adami,3951
Stony Lonesome,11691
Prior Pons,10124
Sanchez Romate,10971
Domaine Chanson,4453
Castello di Monastero,2170
La Fusina,7494
Abbotts,95
Holman Ranch,6698
Mollie,8810
Manifesto!,8282
Wrath,13477
Bethel Heights,1018
Morgan,8932
Pope Valley Winery,10041
Colvin Vineyards,3818
Cantina Santadi,1817
Au Pied du Mont Chauve,657
Q,10205
Le Fleuron,7748
Alta Delta,313
Château Maucoil,2988
Ledson,7808
Michael Florentino,8705
Castello di Meleto,2169
Keuka Spring,7296
Château Berliquet,2575
P.J. Valckenberg,9430
Horse & Plow,6718
Joseph Mellot,7157
Château Bel-Air Ortet,2556
Wine Art Estate,13418
Arniston Bay,583
Indaba,6871
Larmandier-Bernier,7668
Coastview,3740
Sequillo,11191
Heretat Montrubí,6613
Château des Jacques,3427
Kapcsandy Family Winery,7229
Domaine Juliette Avril,4576
Forefront,5803
Château de Brézé,3296
Bodegas Docampo,1245
Oraison,9359
Rigg Estate Vineyards,10598
Real Compañia de Vinos,10440
Le Vieux Donjon,7786
Trenza,12441
Ager Falernus,168
Reverie,10556
Mayacamas,8583
Sapphire Hill,11029
Château de Francs,3319
Frankland Estate,5884
Domaine Coquard Loison-Fleurot,4471
Jip Jip Rocks,7101
Hop Kiln,6711
Chain Gang,2350
Greedy,6305
Pampano,9518
Bonotto delle Tezze,1378
Pietracolata,9878
Château Réal Martin,3126
Sonim,11474
Boekenoogen,1346
Puklavec & Friends,10173
Reyneke,10560
Fontevecchia,5789
Bodegas El Indiano,1247
Feudi di San Marzano,5608
Henry Natter,6587
SKN,10870
Konzelmann,7359
Alita,270
Collavini,3785
Fleur de Lys,5737
Château Beaulieu Comtes de Tastes,2547
Halter Ranch,6433
Travieso,12422
Harlow Ridge,6477
Tenuta di Sesta,12012
Lucky,8100
Domaine du Colombier,4876
Senders,11178
Frisk,5938
Trullo,12496
Domaine du Petit Clocher,4888
Château Rocher-Figeac,3113
Patritti,9619
Chapel Hill,2376
Château Cossieu-Coutelin,2671
Massaya,8513
3CV,35
Shaya,11260
Heavenly Retreat,6543
Three Angels,12248
Feudi del Pisciotto,5605
Colle Nero,3787
Alta Cima,311
Esoterica by Kent Rasmussen,5362
Grochau,6344
Pere Ventura,9739
Gianni Tessari,6106
Cairdean Estate,1682
Brave & Maiden,1485
Ambrosini Lorella,379
La Merika,7515
Nelson,9124
Altvs,343
Artur Steinmann,615
Windstream,13412
Mario Bazán,8370
Celler Dosterras,2310
Joseph Swan Vineyards,7160
Prado Rey,10065
Emilio's Terrace,5275
Quinta do Gradil,10312
Andean,413
Standing Sun,11587
Château Guerry,2777
La Chablisienne,7449
Château Lamour,2903
Tenute Rubino,12027
Castello di Nipozzano,2175
La Cuna de la Poesia,7472
Murray,9027
Verve,12804
Fattoria Laila,5511
Casa L'Angel,2003
Il Macchione,6828
Marqués de Terán,8422
Single Wheel,11363
Medusa,8631
Mounts,8987
Danza del Sol,4200
Aguirre,192
Stave 28,11608
Laberinto,7583
Casa di Grazia,2046
love & squalor,13623
Pondera,10034
Castello Monaci,2145
Machiavelli,8186
Valle Las Nencias,12690
Merriman,8677
Occidental Road Cellars,9296
Bodegas Navarro López,1286
Curto Marco,4107
Château Haut Bertinerie,2788
Clos de Tafall,3699
Poeira,9991
Dutton-Goldfield,5116
Ricossa,10586
Ilona,6851
Vignerons de Correns,12864
Lumos,8133
Château la Haye,3512
Athair,643
Château Climens,2655
Ciabot Berton,3584
Alma de los Andes,290
CarlindePaolo,1942
Casa Santos Lima,2017
Riseccoli,10623
Kudos,7387
Pride Mountain,10091
Feudi di San Gregorio,5607
Sticks,11657
Serrano Mira,11207
Château Le Bourdieu,2934
Bodegas Alejandro Fernandez,1214
Cascina La Ghersa,2088
Bougrier,1440
Chono,2496
Resalte,10540
Verotto,12797
Serenity,11199
Marqués de Legarda,8416
Rolling Bay Winery,10738
Lozano,8078
Heintz,6555
Coudert Pere et Fils,4002
Marchiori & Barraud,8342
Palacio del Burgo,9485
Château Cantinot,2626
Château Ferrande,2713
Progettidivini,10134
Erste Neue,5353
Gancedo,6013
Santa Alba,10995
Bodegas La Cartuja,1266
Tempus Alba,11898
Domaine Houchart,4551
Producteurs Plaimont,10130
Gabarda,5980
Ravoire et Fils,10428
Via Revolucionaria,12815
Château Riotor,3102
Domaine Daniel Dugois,4485
Domaines Duffort,4932
Woodside,13466
Vaeni,12636
Veuve Doussot,12812
Ledger David,7806
Domaine Méo-Camuzet,4624
Smith & Hook,11407
Quinta do Pessegueiro,10319
Three Fat Guys,12253
Figaro,5630
Agribergidvm,177
Inkwell,6886
Domaine Loubejac,4596
Il Poggione,6839
Remelluri,10517
Gassier,6039
Pollak,10026
Enkidu,5292
Giacomo Mori,6097
PoderNuovo a Palazzone,9959
Biecher & Schaal,1028
Clone 7,3664
Straccali,11700
Lomas del Valle,7983
Darcie Kent Vineyards,4204
Hesketh,6632
Picciau,9835
Le Grand Noir,7754
Lions Peak,7933
Bodega Margot,1183
Record Family Wines,10451
Star Angel by Montes,11593
Merisi,8668
Marco Abella,8343
Volunteer,13200
Jade Mountain,6998
Caoba,1884
La Riojana Coop,7541
Releaf,10514
Fourteen Appellations,5853
Château de Bousquet,3290
de Restia,13613
Collemassari,3794
Cantina di Monteforte,1838
Château Tour Saint-Vincent,3201
Bacio della Luna,743
Ferghettina,5578
Sonoma Creek,11480
Ridgeview Estate,10591
Santa Alicia,10996
Toriles,12359
Trig Point,12463
Château Cap Léon Veyrin,2627
Renieri,10529
Murphy-Goode,9026
Valdellövo,12662
Château Bournac,2594
Nervi,9133
Signaterra,11309
Market Vineyards,8385
Sleeping Dogs,11397
Jovino,7169
Illumination,6850
Alpamanta,301
Château Les Rochers Mirande,2942
Pingón,9912
Château Fombrauge,2723
Four Lanterns,5843
Abiouness,100
Château de Ferrand,3313
Herdade da Comporta,6597
Château Loyasson,2954
Château La Grange de Bessan,2865
Casa de Piedra,2033
Textbook,12129
Navardia,9107
Prince Michel,10107
Bridgeview,1512
Pian delle Querci,9825
Nacido del Quórum,9062
Locatelli,7966
Insomnia,6894
Bricco Mondalino,1507
Kestrel,7290
Varvaglione Vigne & Vini,12735
Château Pierhem,3062
J Wilkes,6936
Philip Shaw,9806
Tarapaca,11853
Podere Guado al Melo,9964
Château Mazails,2992
Maroon,8394
Wamakersvallei,13247
Pago Casa Gran,9455
Corinne et Pierre Grossot,3934
Jacquesson et Fils,6994
Vigna Piccola,12852
Muri-Gries,9024
Chrisohoou,2499
Cass,2114
Condes de Albarei,3855
Poggio Lungo,10002
Bodega del Fin del Mundo,1206
Château Perthus,3045
Indian Springs,6873
Eduardo Garrido García,5171
Château Lalande Balestard,2893
Color Block,3810
Matriarch,8551
Upper Five,12606
Brandborg,1476
Aromal,587
Château Peymouton,3051
Marqués de Vizhoja,8426
Two Mountain,12552
Mussel Bay,9035
Stonier,11689
Tenute Salvaterra,12028
Elizabeth Rose,5246
AZS,72
Bonvino,1381
Madrigal,8203
Remy-Pannier,10521
Pendulum,9712
Cantina Produttori Bolzano S. Maddalena/Gries,1812
Donna Anita,4999
hope & grace,13618
Guilbaud Frères,6381
Madonna Nera,8201
Valley View,12703
Waters,13262
Ridgeline,10590
Corison,3937
Clos Mogador,3682
Latitude 46° N,7687
Medanos,8625
Vigneti Le Monde,12868
Selvapiana,11171
Forchir,5801
Castelfeder,2124
Müller-Grossmann,9058
The Old Faithful,12187
Chañarmuyo,2460
Lange,7648
Château Troplong Mondot,3226
Valentin Bianchi,12679
Fundatio,5962
Union de Producteurs de Lugon,12594
Parker,9571
Chateau St. Jean,2444
Viña Cobos,13111
Horeau-Beylot,6716
Panzanello,9532
Cooper Vineyards,3912
Château La Fleur Beaumont,2860
Manincor,8284
The Crater Rim,12145
Hermann J. Wiemer,6621
Gamla,6011
Tenuta Ca' Vescovo,11923
Unearthed,12591
Heartache,6535
Ca' Momi,1649
Garretson,6033
Château d'Eyran,3273
Estancia,5377
Domaine Alfred,4417
Amantis,366
Prosper Maufoux,10143
Belpoggio,961
Quinta do Boição,10300
Cayuga Ridge Estate,2280
Maison Ambroise,8232
Redgate,10487
Cadaretta,1671
Sunstone,11747
Claude Riffault,3635
San Fereolo,10935
Good Earth Wine,6208
Hacienda,6421
Fattoria dei Barbi,5534
Frenzy,5925
Roederer Estate,10726
Schrader,11103
Château Larteau,2919
Poggiotondo,10020
Mad Housewife,8195
Domaine des Hauts de Sanziers,4855
Domaine Vincent Delaporte,4719
Matthew Daniel,8556
Martí Fabra,8460
Coldstream Hills,3776
Josef Bauer,7136
Demetria,4310
Collelceto,3793
Quivira,10342
Harrison,6482
Lucien Crochet,8096
Château de Roquefort,3370
Daniel Rion,4193
Alberto Furque,225
Ricardo Santos,10577
Ludwig Ehn,8106
Herdade dos Grous,6605
Taz,11876
Tenuta San Guido,11969
Caldaro,1698
Domaine Bellegarde,4433
Quilici,10241
Dominio del Plata,4966
Chateau Mourgues du Gres,2437
Vinum Cellars,13046
La Rochelle,7543
Green Truck,6311
Matello,8540
Wild Horse,13358
Pendleton,9711
Cerbaia,2331
Altocedro,335
Silver Buckle,11325
Swick,11767
Château Labégorce Margaux,2876
Vicchiomaggio,12821
Three Knights,12255
Brochelle Vineyards,1525
Tintara,12309
C. da Silva,1630
Prieure Saint-Hippolyte,10094
Chrysalis,2508
Château Fontesteau,2732
Jean Laurent,7043
Tenuta di Lilliano,12006
Tement,11894
Casa de Sezim,2035
Château la Grande Barthe,3506
Lagana,7598
Miner,8764
Krug,7380
Château de Fieuzal,3315
Domaine Foivos,4516
Nelson Bay,9125
Château Haut-Mongeat,2822
Hard Row To Hoe,6470
Louis Bouillot,8052
Villa Cornaro,12912
La Famiglia,7478
Sanchez Muliterno,10970
Vigne di Mezzo,12860
Salena Estate,10902
Parmeson,9575
La Grille,7502
Emidio Pepe,5267
a-non-ah-mus,13609
La Font du Vent,7489
Cuvée Lucia,4113
Philippe Borlais,9809
Ernst Bretz,5349
Saint Clair,10889
Charles Wiffen,2401
Gilles Robin,6124
Marqués del Campo,8428
Kazmer & Blaise,7255
Doña Sol,5035
Château Angélus,2525
Salton,10913
Storrs,11695
Domaine Joseph Belland,4574
Medrano,8630
Saudade,11049
Terremoto Cellars,12107
Cantine Due Palme,1850
Valle Azul,12687
Teruzzi & Puthod,12117
Nōmade,9256
Château des Sarrins,3435
Letrari,7886
Witness Tree,13448
Château le Doyenne,3539
Finca Vieja,5686
Domaine Vacheron,4712
Boneshaker,1374
Setriolo,11212
Muscardini,9031
Rontana,10756
Sinclair Estate Vineyards,11358
Page Mill Winery,9452
Picket Fence,9839
Furlan,5964
Three,12247
Turkey Flat,12527
Brady Family,1471
Happy Camper,6462
Poderi Luigi Einaudi,9985
Principi di Porcìa,10116
Villa Wolf,12956
La Casa Maguila,7442
Fattoria La Rivolta,5509
Pazo San Mauro,9658
Condé,3859
Muruve,9030
Il Vino dei Padri,6847
Familia Mayol,5462
Occasio,9293
Calamares,1692
Robalino,10650
Château Mont-Redon,3005
Mátrai,9051
Domaine des Perdrix,4859
Domenico Fraccaroli,4948
Henry's Drive Vignerons,6589
Chiarello Family Vineyards,2482
Château le Temple,3557
Dog Tail,4403
Domaine Georges Vernay,4528
Agustí Torelló,195
Camiana,1738
Rampa di Fugnano,10400
Château du Chatelard,3444
Poggiarellino,9994
Cape Campbell,1895
Celler Piñol,2312
Cellers Unió,2317
Radar,10368
Copper Belt,3920
Expression 39,5421
Jean-Noël Haton,7067
Respite,10543
Malvirà,8268
Kasuari,7239
Arteaga,600
Castellblanch,2136
Domaine Santa Duc,4684
Château Beaubois,2545
Kutch,7402
Bertani,1011
Bodega Norton,1188
Casal Nova,2052
Bodega del Abad,1205
Burford & Brown,1599
CK Mondavi,1642
Emil Reichart,5268
Fountainhead,5836
Bric Cenciurio,1505
Château Rahoul,3087
François Chidaine,5894
Herding Cats,6608
Picos Pardos,9844
Sparkman,11528
Nico Lazaridi,9163
Weingut Karp-Schreiber,13288
Spalletti,11522
Clos de Chacras,3696
Zenaida Cellars,13558
Zorzettig,13596
Montesel Renzo,8887
O'Brien,9259
Laurence Féraud,7699
Château Devise d'Ardilley,2689
Château Julien,2845
Lagar de Bezana,7600
M by Michael Mondavi,8160
Bautista Simona,900
Punk Dog,10182
Rattalino,10423
Mirone,8781
Pegasus Estate,9690
Domaine Vetriccie,4714
Chantebelle,2374
Domaine Marcel Deiss,4606
Pieve Santa Restituta,9891
Mar de León,8314
Xavier Flouret,13492
Taliano,11810
Fattori,5492
Viña Borgia,13100
Delea,4295
Castillo del Barón,2212
Château Moulin Lafitte,3010
La Poderina,7528
Castle Rock,2214
St. Kilda,11569
Wind Rose,13401
Château Montaud,3006
CJ Pask,1641
Caves Primavera,2266
Wood Park,13458
Avide,700
Amastuola,370
Adastra,131
Urlar,12612
Rectoral do Umia,10453
Dubost,5079
New Z Land,9142
Filipa Pato,5634
Domaine Cady,4446
Robert's Rock,10677
Domaine Yves Martin,4727
Longridge,8002
Daniel Gehrs,4192
Keller Estate,7268
World's End,13475
Bravante,1484
Open Range,9353
De Angelis,4236
Bodegas Escorihuela,1251
Guy-Pierre Jean & Fils,6397
Saget la Perrière,10886
Mario Marengo,8372
Giesen,6113
Viña La Ronciere,13126
Monte Novo e Figueirinha,8853
4 Bears,37
Monthaven,8900
Prime,10101
La Collina dei Ciliegi,7458
Troublemaker by Austin Hope,12488
Bremerton,1497
Château Famaey,2706
Mt. Billy,8997
Quinta da Cortezia,10255
Domaine de la Quilla,4827
Domaine Roses Camille,4663
Mitchelton,8792
Oenophile Wines,9306
Sol Stone,11440
Quivet Cellars,10341
Ovene,9414
Terravid,12083
Prinz von Hessen,10122
Pali,9497
Quinta Seara d'Ordens,10248
La Perla del Priorat,7523
Locati Cellars,7967
Cascina Val del Prete,2096
Pamplin,9519
Alain Gras,209
Pehu-Simonet,9691
Kori,7366
Wunsch & Mann,13481
Bump Wine Cellars,1592
Canonica a Cerreto,1793
Schmitges,11097
Capannelle,1891
Buttonwood,1616
Lupé-Cholet,8141
Cantina del Pino,1832
Château Lagrave,2889
Rocking K,10714
Llano Estacado,7956
Sojourn,11436
San Huberto,10945
Olema,9323
Canneta,1787
St. Urbans-Hof,11575
Klein Constantia,7338
Bodegas El Por Venir de los Andes,1248
Raymond Burr,10433
Mi Terruño,8700
Rowland,10792
Don Rodolfo,4989
Moro di Rinaldini,8939
Fassati,5484
Col Vetoraz Spumanti,3765
Podere L'Aione,9965
Calabretta,1690
Alexana,250
Christian Moueix,2503
Comm. G. B. Burlotto,3823
Mitchell,8790
Zepaltas,13562
Flying Dreams,5755
Di Majo Norante,4350
Souverain,11515
Galatea Effect,5993
Nevis Bluff,9140
Bartz-Allen,878
Littore,7946
Winzerkeller Andau,13440
Bodegas Abanico,1208
Lammershoek,7631
Ecco Domani,5152
Ash Hollow,624
Viniverde,13018
Motta,8960
Forth,5823
Big Sky,1038
La Guardiense,7503
Tempra Tantrum,11896
Quanta Terra,10220
Giacomo Grimaldi,6096
Noble Tree,9211
Whalebone,13327
MaidenStoen,8223
Paltrinieri,9512
Campos de Luz,1763
Domaine du Tunnel,4900
Montgó,8899
Godspeed,6193
Feudo Maccari,5613
Sikelia,11314
Bella,933
Skyline Wines,11389
T.W. Fermentation,11785
Prospect 1870,10141
Château du Trignon,3467
Ernest,5344
Casa de la Vega,2042
Château Haut Guillebot,2797
Quinta da Romaneira,10268
Tyee Wine Cellars,12566
Boitano,1357
Sea Shell Cellars,11139
Russo,10844
Johndrow Vineyards,7125
Peninsula,9717
A Fuga,59
Viña Cartín,13105
Greenock Creek,6315
Château Belle-Vue,2563
Dr. Peter Poontinger,5049
Macauley,8181
Château Langoa Barton,2907
Frei Brothers,5915
St. Lukes,11571
Villa Cafaggio,12907
Le Grascete,7755
René Barbier,10535
Spin the Bottle,11540
Blondie,1127
Recorba,10450
Casa Juan,2001
Vidussi,12834
Raza,10435
Villa S. Anna,12946
Jermann,7087
Château le Joyeux,3542
Franco M. Martinetti,5877
Four Fields,5842
Taylor,11873
Trabucchi d'Illasi,12404
Plaisir De Merle,9948
Gérard Brisson,6404
Castello Romitorio,2148
Domaine de la Berthète,4807
Melania,8641
Ombu,9336
Sunshine Bay,11745
Schumann-Nägler,11110
Donnachiara,5002
Cayalla,2277
Benton-Lane,985
Michel Lynch,8720
Heitz,6559
Dow's,5028
Tamayo,11826
La Vuelta,7577
Domaine des Chaintres,4844
Middelvlei,8734
Teresina,12038
Manaresi,8273
De Wetshof,4256
Rietvallei Estate Wine,10596
Montevertine,8893
Picazo,9834
Château du Raux,3462
Château Franc Pipeau,2737
Gilles Flacher,6122
Castello di Verduno,2181
Jessie's Grove,7088
Viña Las Perdices,13128
La Filice,7485
California's Jewel,1706
Château d'Ollières,3277
Rare,10420
Castello della Paneretta,2157
Barone Fini,849
O-Neh-Da,9264
Chateau Peyrassol,2439
Sleight of Hand,11399
Blue Fish,1133
Vision Cellars,13061
Las Hermanas,7674
Château Cinc-Hilhs,2648
Pico Madama,9843
Belle Vallée,951
Santa Sofia,11016
Six Hats,11374
Angelo Cellars,450
Andrieux & Fils,434
Château les Ormes de Pez,3571
Domaine Bott-Geyl,4440
SassodiSole,11040
Bertolani,1012
Five Rivers,5726
Castell-Castell,2129
Newman's Own,9146
Château Arzac,2530
Château d'Hanteillan,3274
Château Haut-Peyrous,2825
Embrujo,5262
Dona Maria-Júlio Bastos,4992
Bridgeway,1513
Bishop Creek,1068
Bodegas Real,1303
Churchill's,2513
Tercero,12034
Colter's Creek,3813
Il Roverone,6842
Finca Coronado,5646
Moillard,8806
Natura Iblea,9103
Stubbs Vineyard,11714
Trapiche,12416
Heredad Ugarte,6610
Domaine Joël Delaunay,4575
Château du Grand Bos,3453
Lenz,7826
Domaine des Caves du Prieuré,4843
Mannucci Droandi,8287
Mutuo,9041
Koyle,7373
Château Cos Labory,2669
Castello di Monsanto,2171
Bodegas Epifanio Rivera,1250
Murdoch James,9018
Koves-Newlan,7372
Ryan Cochrane,10857
DanCin,4178
Lafken,7596
Lioco,7928
Puccioni,10164
Fort Walla Walla,5820
McClean,8599
Davies,4230
Abbazia Monte Oliveto,87
Finca Casa Lo Alto,5644
John's Blend,7124
Montoliva,8906
Pike Road,9898
Palouse,9511
Melior,8646
Woody Nook,13468
La Gerla,7496
Quinta da Romeira,10269
Château Les Palais,2941
Mas Marçal,8479
Vieux Château Certan,12844
Escalera,5357
Casina di Cornia,2109
Domaine de Givaudan,4761
Tamarack Cellars,11822
Duckhorn,5086
Davis Bynum,4231
Casa di Terra,2048
16X20,9
Agrícola Labastida,191
Tenuta San Francesco,11967
Gran Familia,6254
Obsidian,9288
Meinklang,8639
Feudo Arancio,5611
Guerra Albano,6374
Dynasty Cellars,5124
Podere Capaccia,9961
Pazo Viladomar,9661
Château Sérilhan,3170
Real Sitio de Ventosilla,10441
Tierra Prometida,12282
Mercer,8662
Château d'Escurac,3271
Bodega Volcanes de Chile,1201
Darting,4213
Bodega Noemía de Patagonia,1187
Cathar,2228
Reyter,10565
La Calonica,7436
Pievalta,9890
Mark Ryan,8383
Zajc,13546
Estate Raptis,5384
David Fulton,4223
Costa Archi,3981
Caymus,2278
Domaine de l'A,4796
Mas de Monistrol,8486
Loup Blanc,8070
Black Box,1086
Omaka Springs,9335
Clos Mont-Blanc,3684
Shane Wines,11251
Colby Red,3773
Zephaniah,13563
Forjas del Salnés,5811
Valle dell'Asso,12699
ZinPhomaniac,13575
Castello dei Rampolla,2153
Fattoria di Corsignano,5539
Kavur,7251
Story,11696
Herdade do Rocim,6603
Sobredos,11426
D.H. Gustafson,4148
Vallebelbo,12700
Premius,10081
Rainer Wess,10386
Republic of Wine,10539
Uphill Vineyards,12604
Quintarelli,10336
Cantine Barbera,1846
Tishbi Estate,12313
Canterbury House,1800
Château Trotanoy,3227
Borgo Magredo,1392
Pietradolce,9880
Suter,11757
Tulip Hill,12520
Matias Riccitelli,8548
El Lugar,5208
Rustenberg,10847
I Favati,6787
Château de la Brède,3399
Casa di Rocco,2047
Anselmo Mendes,473
Poggio Argentiera,9997
Château Joanin Bécot,2840
Envy,5312
Domaine Verret et Fils,4713
Château Suau,3165
Creación,4035
Storyteller,11698
1919,14
Knights Bridge,7343
Albet I Noya,227
Enjingi,5290
Duck Pond,5084
RoxyAnn,10794
Vidal Vineyards,12830
Beau Joubert,908
Thorny Devil,12243
Domaine de Villalin,4792
Michel Laroche,8718
Nicolas Feuillatte,9164
Cycles Gladiator,4118
Saffron Fields Vineyard,10882
Manzoni,8307
Urban Legend,12609
Château Haut de la Bécade,2807
Château Godard Bellevue,2751
Sembro,11172
Château Ambe Tour Pourret,2519
Trim,12464
Gaba do Xil,5979
La Traiana,7563
Double Bond,5019
Roux Père et Fils,10790
Handley,6447
Ackerly Pond,110
William Cole,13377
Diablita,4355
Due Vigne,5089
Schild Estate,11083
Ruca Malen,10817
Robert Goyette,10656
Grieve,6335
Château Tricot d'Arsac,3219
Fattoria Poggio Capponi,5520
Noble Aconcagua,9208
Ronchi di Cialla,10748
HRM Rex Goliath,6419
Fattoria di Casalbosco,5538
Pepper Bridge,9731
Torre Mascoli,12373
Clos LaChance,3678
Redwood Creek,10493
Masciarelli,8499
Château Mauvesin Barton,2991
Tenuta Poggio il Castellare,11962
S. P. Drummer,10864
WineSmith,13425
Cortenova,3967
Château les Lattes,3567
Señorío de Caleruega,11236
Springfield Estate,11552
Crayelle Cellars,4034
Domaine de la Tourmaline,4834
Ngatarawa,9152
Failla,5438
Nicolas Potel,9166
Barrister,868
Quinta do Casal Monteiro,10304
E. Guigal,5131
Cantina Bartolo Mascarello,1803
Covenant,4016
Monte Faustino,8849
Fattoria Coroncino,5499
Annefield Vineyards,466
Château Laville Haut-Brion,2932
Villa Maisano,12927
Razor's Edge,10436
Palivou,9498
Château Bellevue,2568
Markus Molitor,8391
Tenuta Buon Tempo,11922
Quinta do Noval,10317
Vermador,12795
Sea Mist,11138
Heggies Vineyard,6551
Bodegas Núñez,1287
Bouchard Finlayson,1435
Baron Gassier,837
Bodega Zafado,1203
Bryn Mawr Vineyards,1562
Tierra Caliente,12280
Château Sainte Marie,3142
Reynolds Family Winery,10562
Clos d'Yvigne,3695
Midlife Crisis,8737
Domaine Dupré,4501
Carlo Bisol Solighetto,1944
Château la Tour Blanche,3528
Mount Riley,8978
Ramian,10396
Tamaya,11825
Louis Drescher,8056
Rex Hill,10558
Humanao,6754
Lamont,7633
Aspaldi,627
Unger,12592
Callejo,1716
Shingleback,11278
Château d'Arsac,3265
Amador Garcia,359
Parxet,9582
J. Lohr,6953
Lynx,8153
Tsillan Cellars,12511
Wine for Food,13424
Guarachi Family,6366
Toasted Head,12323
Spoto,11546
Westbend Vineyards,13314
Judd,7174
Dance,4179
Ciavolich Giuseppe,3587
BOND,734
Château Bernadotte,2576
Vigneti Reale,12869
Pine Crest,9909
La Serena,7552
Château Beauvillage,2552
D'Antiche Terre,4138
Foursight,5852
Kathy Lynskey,7246
La Châsse du Pape,7454
Tranchero Osvaldo,12411
ZED,13538
Leindl,7820
Kyra,7405
Château Tessendey,3181
Canonbah Bridge,1792
Tobin James,12325
Napa Ridge,9084
Château Beaumont,2548
Bacasis,739
Alienor,267
Bread & Butter,1489
Château Tour de Mons,3211
Casa de la Reina,2041
Tenuta Le Querce,11951
La Cignozza,7456
Duval & Blanchet,5117
Château Briot,2602
MacMurray Ranch,8177
Barrière Frères,869
J. & F. Lurton,6937
Antonio Cesar Cavalli,507
Anakota,402
Château la Hargue,3511
Castello Da Vinci,2142
Cordelier,3929
Cascina Bongiovanni,2081
Chartogne-Taillet,2406
Tukma,12517
Provenance Vineyards,10150
Podere Provinciale Cantina Laimburg,9971
Youngberg Hill Vineyards,13527
Rubissow,10811
Stellekaya,11630
Ackerman,111
Bodegas Los Llanos,1274
Jewel,7092
Barrack,861
Pago Jean Leon,9457
Gino Fasoli,6131
Filón,5638
Dutschke,5114
Louloute,8069
Neyers,9150
Keegan,7258
Maison Bleue,8234
Bennett Lane,979
Montebaco,8867
Tangent,11834
Seven Peaks,11222
Comte Audoin de Dampierre,3830
South Hill,11508
Valderiz,12663
Viñedos de Canata,13187
Giuseppe Apicella,6156
Palos,9510
Toad Hollow,12322
Belhurst,931
Territorial,12110
Flechas de los Andes,5731
Domaine le Colombier,4915
Jean-Baptiste Adam,7050
Due Cani,5087
Veranda,12780
Terrazas de Los Andes,12085
Principiano Ferdinando,10118
Viña Ventolera,13170
Mahoney,8221
Château Haut-Bergey,2811
Herdade da Malhadinha Nova,6598
